{
 "Cluster 0": {
  "STOP_002": [
   78.1723364475898,
   11.679267052270484
  ],
  "STOP_004": [
   78.17100105551883,
   11.67839912444212
  ],
  "STOP_005": [
   78.17045683419356,
   11.677386493952655
  ],
  "STOP_012": [
   78.17189233455677,
   11.679845237894561
  ],
  "STOP_014": [
   78.17093455678123,
   11.67891233455679
  ],
  "STOP_015": [
   78.17061233499876,
   11.677945667812345
  ],
  "STOP_021": [
   78.17155678923456,
   11.679456781234567
  ],
  "STOP_022": [
   78.17012344567891,
   11.678789234556781
  ],
  "STOP_023": [
   78.16967891234567,
   11.677912345667892
  ],
  "STOP_026": [
   78.172345667891,
   11.680245781234
  ],
  "STOP_027": [
   78.172012345678,
   11.679834556712
  ],
  "STOP_030": [
   78.170845234567,
   11.678934556781
  ],
  "STOP_031": [
   78.170534556781,
   11.677845234567
  ],
  "STOP_032": [
   78.170123445678,
   11.676934556781
  ],
  "STOP_043": [
   78.164845678912,
   11.676845234567
  ],
  "STOP_048": [
   78.171045678912,
   11.679345678912
  ],
  "STOP_049": [
   78.171345234567,
   11.678245678912
  ],
  "STOP_050": [
   78.171734556781,
   11.677345678912
  ],
  "STOP_051": [
   78.172045678912,
   11.676734556781
  ]
 },
 "Cluster 1": {
  "STOP_006": [
   78.16761104292452,
   11.681467421842676
  ],
  "STOP_007": [
   78.16806842505518,
   11.68141996128395
  ],
  "STOP_008": [
   78.16766004611661,
   11.682545176627789
  ],
  "STOP_009": [
   78.16612656550059,
   11.681667443562038
  ],
  "STOP_010": [
   78.16576431770304,
   11.681049350410435
  ],
  "STOP_016": [
   78.16894566781234,
   11.681123445678912
  ],
  "STOP_017": [
   78.16841233455678,
   11.681789234556781
  ],
  "STOP_018": [
   78.16793455678123,
   11.68231234566789
  ],
  "STOP_019": [
   78.16678923455677,
   11.681456789234566
  ],
  "STOP_020": [
   78.16594566781234,
   11.680834556781234
  ],
  "STOP_024": [
   78.16823455678123,
   11.682678912345677
  ],
  "STOP_025": [
   78.16734567891234,
   11.681034556781235
  ],
  "STOP_033": [
   78.168934556781,
   11.681345678912
  ],
  "STOP_034": [
   78.168512345678,
   11.681934556781
  ],
  "STOP_035": [
   78.168145678912,
   11.682345234567
  ],
  "STOP_036": [
   78.167456789234,
   11.681734556781
  ],
  "STOP_037": [
   78.167045678912,
   11.680934556781
  ],
  "STOP_038": [
   78.166612345678,
   11.680345678912
  ],
  "STOP_039": [
   78.166234556781,
   11.679834556781
  ],
  "STOP_040": [
   78.165845234567,
   11.679245678912
  ],
  "STOP_041": [
   78.165456789234,
   11.678734556781
  ],
  "STOP_042": [
   78.165123445678,
   11.677934556781
  ],
  "STOP_044": [
   78.169234567891,
   11.682734556781
  ],
  "STOP_052": [
   78.166845234567,
   11.682934556781
  ],
  "STOP_053": [
   78.165934556781,
   11.682345678912
  ],
  "STOP_054": [
   78.165234556781,
   11.681845234567
  ],
  "STOP_055": [
   78.164734556781,
   11.680945678912
  ]
 },
 "Cluster 2": {
  "STOP_001": [
   78.17254968320249,
   11.681464258770998
  ],
  "STOP_003": [
   78.17150336969115,
   11.682740498128405
  ],
  "STOP_011": [
   78.17210458932145,
   11.680912345672342
  ],
  "STOP_013": [
   78.17124566789012,
   11.682154987341256
  ],
  "STOP_028": [
   78.171845234567,
   11.682145678912
  ],
  "STOP_029": [
   78.171234556781,
   11.681567234589
  ],
  "STOP_045": [
   78.169845678912,
   11.682145234567
  ],
  "STOP_046": [
   78.170345678912,
   11.681456789234
  ],
  "STOP_047": [
   78.170734556781,
   11.680845678912
  ]
 }
}