{
 "Cluster 0": {
  "STOP_001": [
   78.12460411245674,
   11.713749090087576
  ],
  "STOP_002": [
   78.12727374582644,
   11.686946045194793
  ],
  "STOP_010": [
   78.13727028074997,
   11.675091018328736
  ],
  "STOP_019": [
   78.13779247032056,
   11.672834634581323
  ],
  "STOP_028": [
   78.1348790584885,
   11.668588718894846
  ],
  "STOP_029": [
   78.12818669582974,
   11.705763661814974
  ],
  "STOP_030": [
   78.1248373751728,
   11.692722023818789
  ],
  "STOP_031": [
   78.12669222984479,
   11.68153336215448
  ],
  "STOP_038": [
   78.13444538345911,
   11.69380273683728
  ],
  "STOP_040": [
   78.12782177641131,
   11.67290935992078
  ],
  "STOP_043": [
   78.12193719318994,
   11.67418634435321
  ],
  "STOP_046": [
   78.13048666482845,
   11.6925064456239
  ],
  "STOP_052": [
   78.11967070371658,
   11.677809405547869
  ],
  "STOP_069": [
   78.13882073400401,
   11.672687748403842
  ],
  "STOP_074": [
   78.11701318246568,
   11.682223854677643
  ],
  "STOP_075": [
   78.14006073133116,
   11.673677027384516
  ],
  "STOP_078": [
   78.12866516983517,
   11.686996920786353
  ],
  "STOP_081": [
   78.13642163130882,
   11.667610488173246
  ],
  "STOP_084": [
   78.1316039586014,
   11.695893849406673
  ],
  "STOP_086": [
   78.1233357253506,
   11.710775496637424
  ],
  "STOP_087": [
   78.13987376864975,
   11.682229548556968
  ],
  "STOP_088": [
   78.12161290890795,
   11.693907630174952
  ],
  "STOP_092": [
   78.12151855207142,
   11.669286454305778
  ],
  "STOP_093": [
   78.1194018644219,
   11.678856303687244
  ],
  "STOP_097": [
   78.1284342989537,
   11.697583053846845
  ],
  "STOP_113": [
   78.13753403219191,
   11.672186302585049
  ],
  "STOP_131": [
   78.127453959574,
   11.685257425356411
  ],
  "STOP_132": [
   78.12606477367969,
   11.701652707838642
  ],
  "STOP_136": [
   78.1336104155383,
   11.668709535632813
  ],
  "STOP_140": [
   78.13266281340631,
   11.69044444261851
  ],
  "STOP_143": [
   78.12427410745731,
   11.666183092690707
  ],
  "STOP_176": [
   78.12989038180885,
   11.677042520547793
  ],
  "STOP_177": [
   78.14008678965894,
   11.688613436760635
  ],
  "STOP_182": [
   78.13514920231967,
   11.680944788495522
  ],
  "STOP_185": [
   78.12108232604074,
   11.69452212971097
  ],
  "STOP_195": [
   78.13681732896761,
   11.671080880505762
  ],
  "STOP_197": [
   78.1392625877237,
   11.690177447744665
  ],
  "STOP_199": [
   78.13774762983633,
   11.68249293136834
  ],
  "STOP_206": [
   78.13529498505501,
   11.677017522069633
  ],
  "STOP_207": [
   78.1169256428567,
   11.679591719340664
  ],
  "STOP_216": [
   78.14064481431359,
   11.67231057000864
  ],
  "STOP_218": [
   78.12622663141431,
   11.709606303093805
  ],
  "STOP_224": [
   78.13172843029622,
   11.686774312214672
  ],
  "STOP_227": [
   78.12692549136342,
   11.689222077698336
  ],
  "STOP_234": [
   78.13104000893566,
   11.675872543269692
  ],
  "STOP_244": [
   78.12528767604368,
   11.6754566757459
  ],
  "STOP_246": [
   78.1388598272286,
   11.685536941129419
  ],
  "STOP_249": [
   78.12039081601382,
   11.67917172113867
  ],
  "STOP_252": [
   78.12662156199809,
   11.678237166105921
  ],
  "STOP_295": [
   78.1315634121154,
   11.688570765290155
  ]
 },
 "Cluster 1": {
  "STOP_017": [
   78.14548658984592,
   11.67335691272364
  ],
  "STOP_023": [
   78.15285538111988,
   11.682285712177258
  ],
  "STOP_025": [
   78.14468814984784,
   11.680764312759525
  ],
  "STOP_033": [
   78.1493859222074,
   11.67643380690365
  ],
  "STOP_035": [
   78.15812847267865,
   11.669561917016805
  ],
  "STOP_041": [
   78.1563306656052,
   11.677109480343264
  ],
  "STOP_047": [
   78.14782759476311,
   11.672129606987976
  ],
  "STOP_053": [
   78.15772379373442,
   11.66941051327942
  ],
  "STOP_066": [
   78.14427152546928,
   11.676241151578592
  ],
  "STOP_067": [
   78.15332275302269,
   11.668021920528332
  ],
  "STOP_079": [
   78.14472739782767,
   11.672022867398706
  ],
  "STOP_082": [
   78.14900937152457,
   11.663549652695949
  ],
  "STOP_083": [
   78.15072906079368,
   11.675712170815794
  ],
  "STOP_094": [
   78.15692595232788,
   11.666396298952732
  ],
  "STOP_096": [
   78.15994310446393,
   11.683180392892062
  ],
  "STOP_098": [
   78.1550633318376,
   11.667136055864612
  ],
  "STOP_119": [
   78.14613652577725,
   11.674881633371179
  ],
  "STOP_124": [
   78.14285388023004,
   11.678802696631003
  ],
  "STOP_139": [
   78.15529820273015,
   11.664970481513404
  ],
  "STOP_148": [
   78.152126958031,
   11.668666709335813
  ],
  "STOP_152": [
   78.14560642006228,
   11.677992664244039
  ],
  "STOP_153": [
   78.16007239369546,
   11.681304629911883
  ],
  "STOP_154": [
   78.14482497991854,
   11.676095345961938
  ],
  "STOP_160": [
   78.14967748086109,
   11.685548434335468
  ],
  "STOP_163": [
   78.14516105123938,
   11.668376024061665
  ],
  "STOP_168": [
   78.15263905572974,
   11.66044893282114
  ],
  "STOP_179": [
   78.14689341994882,
   11.67768901143362
  ],
  "STOP_187": [
   78.14767453395145,
   11.667014999234826
  ],
  "STOP_189": [
   78.1524431496505,
   11.678812439882368
  ],
  "STOP_204": [
   78.14850820465941,
   11.661188996056008
  ],
  "STOP_208": [
   78.1499829872639,
   11.677051119067722
  ],
  "STOP_222": [
   78.15479064637688,
   11.676704401489907
  ],
  "STOP_226": [
   78.1495395633589,
   11.663656220158172
  ],
  "STOP_228": [
   78.16217253364277,
   11.67841745445041
  ],
  "STOP_229": [
   78.14820004028734,
   11.65560708361384
  ],
  "STOP_231": [
   78.14916813680438,
   11.666317541807368
  ],
  "STOP_239": [
   78.15644225387902,
   11.684840359915526
  ],
  "STOP_250": [
   78.1522471983529,
   11.6607390524303
  ],
  "STOP_251": [
   78.14909442799988,
   11.672245802907108
  ],
  "STOP_257": [
   78.15158415913673,
   11.659402656291448
  ],
  "STOP_260": [
   78.1488413802868,
   11.678303502556574
  ],
  "STOP_261": [
   78.14113941005999,
   11.671959828858517
  ],
  "STOP_268": [
   78.14163450166161,
   11.673074038552482
  ],
  "STOP_270": [
   78.14466103945979,
   11.67244851397558
  ],
  "STOP_277": [
   78.14853046949932,
   11.689428558407887
  ],
  "STOP_278": [
   78.15535552241244,
   11.680314942846012
  ],
  "STOP_279": [
   78.14647652357378,
   11.675194464808587
  ],
  "STOP_284": [
   78.1501920718654,
   11.688252474453659
  ],
  "STOP_286": [
   78.15485318723009,
   11.665007397072685
  ],
  "STOP_292": [
   78.14893504505471,
   11.662571094123958
  ]
 },
 "Cluster 2": {
  "STOP_004": [
   78.17593376068508,
   11.696888727095539
  ],
  "STOP_005": [
   78.16442951002769,
   11.682927959442665
  ],
  "STOP_011": [
   78.17505364572641,
   11.698735987964058
  ],
  "STOP_013": [
   78.15661030109037,
   11.700006075324719
  ],
  "STOP_014": [
   78.16538944224874,
   11.699878553991669
  ],
  "STOP_027": [
   78.17128694349546,
   11.691653210920135
  ],
  "STOP_034": [
   78.15825296244152,
   11.705106722360684
  ],
  "STOP_036": [
   78.16578686446844,
   11.687061285090788
  ],
  "STOP_050": [
   78.1580334266805,
   11.709707894507488
  ],
  "STOP_051": [
   78.17061895550208,
   11.710254634477414
  ],
  "STOP_057": [
   78.17990236540761,
   11.688841309974157
  ],
  "STOP_062": [
   78.17761826118,
   11.696706006834088
  ],
  "STOP_071": [
   78.16462164135247,
   11.707846758837851
  ],
  "STOP_077": [
   78.16616443975823,
   11.691976073017315
  ],
  "STOP_085": [
   78.15686083123548,
   11.698851928889349
  ],
  "STOP_089": [
   78.16477579446564,
   11.709754361007523
  ],
  "STOP_091": [
   78.17292134357841,
   11.683231245012317
  ],
  "STOP_101": [
   78.17573285824386,
   11.681876501720165
  ],
  "STOP_103": [
   78.16614610361653,
   11.707524672801865
  ],
  "STOP_105": [
   78.16922086529193,
   11.683453415655233
  ],
  "STOP_107": [
   78.156464175007,
   11.703881975737307
  ],
  "STOP_115": [
   78.17969906373703,
   11.68377688081195
  ],
  "STOP_118": [
   78.17354649649799,
   11.698375410309573
  ],