{
  "Cluster 0": {
    "physical_load": {
      "total_weight": 132.7,
      "heavy_pkg_ratio": 0.16,
      "bulky_ratio": 0.2
    },
    "stair_load": {
      "stair_load_index": 63.0,
      "avg_floor": 4.32,
      "elevator_coverage": 0.56
    },
    "traffic_stress": {
      "traffic_index": 3.673730791318915,
      "parking_stress": 0.02058133628490531,
      "stop_density": 0.005602298441012428
    },
    "route_distance": {
      "total_distance": 3391.4651638170108,
      "total_duration": 897.0
    },
    "cognitive_density": 0.007371445317121617
  },
  "Cluster 1": {
    "physical_load": {
      "total_weight": 258.7,
      "heavy_pkg_ratio": 0.3125,
      "bulky_ratio": 0.34375
    },
    "stair_load": {
      "stair_load_index": 60.6,
      "avg_floor": 3.6875,
      "elevator_coverage": 0.65625
    },
    "traffic_stress": {
      "traffic_index": 3.290839584172231,
      "parking_stress": 0.022112507604496106,
      "stop_density": 0.00671941218613311
    },
    "route_distance": {
      "total_distance": 4018.2086248139467,
      "total_duration": 952.0
    },
    "cognitive_density": 0.00796374777615776
  },
  "Cluster 2": {
    "physical_load": {
      "total_weight": 62.55,
      "heavy_pkg_ratio": 0.2727272727272727,
      "bulky_ratio": 0.36363636363636365
    },
    "stair_load": {
      "stair_load_index": 0.45,
      "avg_floor": 4.909090909090909,
      "elevator_coverage": 0.8181818181818181
    },
    "traffic_stress": {
      "traffic_index": 3.457620010292291,
      "parking_stress": 0.011862647030889493,
      "stop_density": 0.0034308706554155672
    },
    "route_distance": {
      "total_distance": 2623.2408341578434,
      "total_duration": 653.0
    },
    "cognitive_density": 0.004193286356619027
  }
}