{
  "Cluster 0": {
    "num_packages": 296,
    "packages_per_stop": 5.92,
    "total_weight_kg": 6144.2300000000005,
    "avg_weight_kg": 20.75753378378378,
    "heavy_pkg_ratio_gt10kg": 0.7905405405405406,
    "total_volume_cm3": 37888067.0,
    "avg_volume_cm3": 128000.22635135135,
    "bulky_pkg_ratio_gt50000cm3": 0.6756756756756757,
    "avg_floor": 9.18918918918919,
    "high_floor_ratio_ge3": 0.7533783783783784,
    "elevator_coverage_ratio": 0.7195945945945945,
    "stair_load_index": 7845.160000000001
  },
  "Cluster 1": {
    "num_packages": 300,
    "packages_per_stop": 6.0,
    "total_weight_kg": 5933.869999999996,
    "avg_weight_kg": 19.779566666666668,
    "heavy_pkg_ratio_gt10kg": 0.74,
    "total_volume_cm3": 38502710.0,
    "avg_volume_cm3": 128342.36666666667,
    "bulky_pkg_ratio_gt50000cm3": 0.6766666666666666,
    "avg_floor": 8.986666666666666,
    "high_floor_ratio_ge3": 0.7566666666666667,
    "elevator_coverage_ratio": 0.7,
    "stair_load_index": 8455.679999999998
  },
  "Cluster 2": {
    "num_packages": 318,
    "packages_per_stop": 6.36,
    "total_weight_kg": 6358.450000000002,
    "avg_weight_kg": 19.99512578616352,
    "heavy_pkg_ratio_gt10kg": 0.7389937106918238,
    "total_volume_cm3": 39837240.0,
    "avg_volume_cm3": 125274.3396226415,
    "bulky_pkg_ratio_gt50000cm3": 0.6415094339622641,
    "avg_floor": 8.556603773584905,
    "high_floor_ratio_ge3": 0.7578616352201258,
    "elevator_coverage_ratio": 0.7264150943396226,
    "stair_load_index": 6170.299999999999
  },
  "Cluster 3": {
    "num_packages": 271,
    "packages_per_stop": 5.42,
    "total_weight_kg": 5175.909999999999,
    "avg_weight_kg": 19.09929889298893,
    "heavy_pkg_ratio_gt10kg": 0.7121771217712177,
    "total_volume_cm3": 31713646.0,
    "avg_volume_cm3": 117024.52398523985,
    "bulky_pkg_ratio_gt50000cm3": 0.6199261992619927,
    "avg_floor": 8.498154981549815,
    "high_floor_ratio_ge3": 0.7416974169741697,
    "elevator_coverage_ratio": 0.6974169741697417,
    "stair_load_index": 5641.34
  },
  "Cluster 4": {
    "num_packages": 293,
    "packages_per_stop": 5.86,
    "total_weight_kg": 5899.739999999997,
    "avg_weight_kg": 20.135631399317404,
    "heavy_pkg_ratio_gt10kg": 0.7815699658703071,
    "total_volume_cm3": 31196609.0,
    "avg_volume_cm3": 106473.06825938566,
    "bulky_pkg_ratio_gt50000cm3": 0.6075085324232082,
    "avg_floor": 8.563139931740615,
    "high_floor_ratio_ge3": 0.7303754266211604,
    "elevator_coverage_ratio": 0.6860068259385665,
    "stair_load_index": 10121.17
  },
  "Cluster 5": {
    "num_packages": 270,
    "packages_per_stop": 5.4,
    "total_weight_kg": 5251.109999999998,
    "avg_weight_kg": 19.448555555555554,
    "heavy_pkg_ratio_gt10kg": 0.7333333333333333,
    "total_volume_cm3": 32996676.0,
    "avg_volume_cm3": 122209.91111111111,
    "bulky_pkg_ratio_gt50000cm3": 0.6444444444444445,
    "avg_floor": 8.670370370370371,
    "high_floor_ratio_ge3": 0.7148148148148148,
    "elevator_coverage_ratio": 0.6777777777777778,
    "stair_load_index": 6887.750000000003
  }
}