{
    "1": {
        "total_distance": 3391.4651638170108,
        "total_duration": 897,
        "stops": 19,
        "stop_density": 0.005602298441012428,
        "traffic_index": 3.673730791318915,
        "parking_stress": 0.02058133628490531
    },
    "2": {
        "total_distance": 4018.2086248139467,
        "total_duration": 952,
        "stops": 27,
        "stop_density": 0.00671941218613311,
        "traffic_index": 3.290839584172231,
        "parking_stress": 0.022112507604496106
    },
    "3": {
        "total_distance": 2623.2408341578434,
        "total_duration": 653,
        "stops": 9,
        "stop_density": 0.0034308706554155672,
        "traffic_index": 3.457620010292291,
        "parking_stress": 0.011862647030889493
    }
}