{
  "Cluster 0": {
    "num_packages": 414,
    "packages_per_stop": 8.28,
    "total_weight_kg": 14340.179999999998,
    "avg_weight_kg": 34.63811594202899,
    "heavy_pkg_ratio_gt10kg": 1.0,
    "total_volume_cm3": 89897122.0,
    "avg_volume_cm3": 217142.806763285,
    "bulky_pkg_ratio_gt50000cm3": 0.785024154589372,
    "avg_floor": 18.603864734299517,
    "high_floor_ratio_ge3": 1.0,
    "elevator_coverage_ratio": 0.2584541062801933,
    "stair_load_index": 198430.77000000008
  },
  "Cluster 1": {
    "num_packages": 417,
    "packages_per_stop": 8.34,
    "total_weight_kg": 14820.170000000007,
    "avg_weight_kg": 35.53997601918465,
    "heavy_pkg_ratio_gt10kg": 1.0,
    "total_volume_cm3": 84814374.0,
    "avg_volume_cm3": 203391.78417266186,
    "bulky_pkg_ratio_gt50000cm3": 0.7913669064748201,
    "avg_floor": 18.436450839328536,
    "high_floor_ratio_ge3": 1.0,
    "elevator_coverage_ratio": 0.2925659472422062,
    "stair_load_index": 197661.77999999988
  },
  "Cluster 2": {
    "num_packages": 420,
    "packages_per_stop": 8.4,
    "total_weight_kg": 14440.749999999989,
    "avg_weight_kg": 34.382738095238096,
    "heavy_pkg_ratio_gt10kg": 1.0,
    "total_volume_cm3": 87448988.0,
    "avg_volume_cm3": 208211.87619047618,
    "bulky_pkg_ratio_gt50000cm3": 0.7595238095238095,
    "avg_floor": 19.98095238095238,
    "high_floor_ratio_ge3": 1.0,
    "elevator_coverage_ratio": 0.2571428571428571,
    "stair_load_index": 212424.88999999993
  },
  "Cluster 3": {
    "num_packages": 423,
    "packages_per_stop": 8.46,
    "total_weight_kg": 15050.010000000002,
    "avg_weight_kg": 35.57921985815603,
    "heavy_pkg_ratio_gt10kg": 1.0,
    "total_volume_cm3": 89110631.0,
    "avg_volume_cm3": 210663.4302600473,
    "bulky_pkg_ratio_gt50000cm3": 0.8014184397163121,
    "avg_floor": 18.10401891252955,
    "high_floor_ratio_ge3": 1.0,
    "elevator_coverage_ratio": 0.25531914893617025,
    "stair_load_index": 198993.06999999992
  },
  "Cluster 4": {
    "num_packages": 427,
    "packages_per_stop": 8.54,
    "total_weight_kg": 14912.760000000004,
    "avg_weight_kg": 34.92449648711944,
    "heavy_pkg_ratio_gt10kg": 0.9976580796252927,
    "total_volume_cm3": 97267481.0,
    "avg_volume_cm3": 227792.6955503513,
    "bulky_pkg_ratio_gt50000cm3": 0.7962529274004684,
    "avg_floor": 18.99063231850117,
    "high_floor_ratio_ge3": 1.0,
    "elevator_coverage_ratio": 0.24121779859484782,
    "stair_load_index": 216274.90999999995
  },
  "Cluster 5": {
    "num_packages": 424,
    "packages_per_stop": 8.48,
    "total_weight_kg": 14946.359999999991,
    "avg_weight_kg": 35.250849056603776,
    "heavy_pkg_ratio_gt10kg": 1.0,
    "total_volume_cm3": 89207275.0,
    "avg_volume_cm3": 210394.51650943398,
    "bulky_pkg_ratio_gt50000cm3": 0.7405660377358491,
    "avg_floor": 20.48820754716981,
    "high_floor_ratio_ge3": 1.0,
    "elevator_coverage_ratio": 0.27122641509433965,
    "stair_load_index": 222354.79000000007
  },
  "Cluster 6": {
    "num_packages": 420,
    "packages_per_stop": 8.4,
    "total_weight_kg": 14786.039999999992,
    "avg_weight_kg": 35.20485714285714,
    "heavy_pkg_ratio_gt10kg": 1.0,
    "total_volume_cm3": 95237779.0,
    "avg_volume_cm3": 226756.61666666667,
    "bulky_pkg_ratio_gt50000cm3": 0.7761904761904762,
    "avg_floor": 19.616666666666667,
    "high_floor_ratio_ge3": 1.0,
    "elevator_coverage_ratio": 0.24523809523809526,
    "stair_load_index": 220833.68000000002
  },
  "Cluster 7": {
    "num_packages": 449,
    "packages_per_stop": 8.98,
    "total_weight_kg": 15557.10000000001,
    "avg_weight_kg": 34.648329621380846,
    "heavy_pkg_ratio_gt10kg": 1.0,
    "total_volume_cm3": 93466970.0,
    "avg_volume_cm3": 208166.9710467706,
    "bulky_pkg_ratio_gt50000cm3": 0.7750556792873051,
    "avg_floor": 17.88195991091314,
    "high_floor_ratio_ge3": 1.0,
    "elevator_coverage_ratio": 0.25835189309576834,
    "stair_load_index": 197075.0900000001
  },
  "Cluster 8": {
    "num_packages": 417,
    "packages_per_stop": 8.34,
    "total_weight_kg": 14343.009999999997,
    "avg_weight_kg": 34.39570743405276,
    "heavy_pkg_ratio_gt10kg": 1.0,
    "total_volume_cm3": 91033982.0,
    "avg_volume_cm3": 218306.91127098323,
    "bulky_pkg_ratio_gt50000cm3": 0.7649880095923262,
    "avg_floor": 20.170263788968825,
    "high_floor_ratio_ge3": 1.0,
    "elevator_coverage_ratio": 0.23980815347721818,
    "stair_load_index": 223686.59999999995
  },
  "Cluster 9": {
    "num_packages": 388,
    "packages_per_stop": 7.76,
    "total_weight_kg": 13776.870000000004,
    "avg_weight_kg": 35.507396907216496,
    "heavy_pkg_ratio_gt10kg": 1.0,
    "total_volume_cm3": 75831623.0,
    "avg_volume_cm3": 195442.32731958764,
    "bulky_pkg_ratio_gt50000cm3": 0.7422680412371134,
    "avg_floor": 19.675257731958762,
    "high_floor_ratio_ge3": 1.0,
    "elevator_coverage_ratio": 0.2628865979381443,
    "stair_load_index": 198144.82999999984
  }
}