{
    "Cluster 0": {
        "total_distance": 30300.79467229701,
        "total_duration": 7042,
        "stops": 50,
        "stop_density": 0.0016501217390748272,
        "traffic_index": 3.2280796942077385,
        "parking_stress": 0.00532672447887821
    },
    "Cluster 1": {
        "total_distance": 31610.788625518733,
        "total_duration": 6809,
        "stops": 50,
        "stop_density": 0.0015817384562065635,
        "traffic_index": 2.9919218758006547,
        "parking_stress": 0.004732437888919573
    },
    "Cluster 2": {
        "total_distance": 59690.272703386436,
        "total_duration": 9537,
        "stops": 50,
        "stop_density": 0.0008376574228176265,
        "traffic_index": 2.2192716501441714,
        "parking_stress": 0.001858989370991988
    },
    "Cluster 3": {
        "total_distance": 42646.58610325263,
        "total_duration": 9103,
        "stops": 50,
        "stop_density": 0.0011724267888394127,
        "traffic_index": 2.964848574136077,
        "parking_stress": 0.0034760678931694718
    },
    "Cluster 4": {
        "total_distance": 21486.79777008795,
        "total_duration": 4454,
        "stops": 50,
        "stop_density": 0.0023270103127980128,
        "traffic_index": 2.8792591926436124,
        "parking_stress": 0.006700065834500166
    },
    "Cluster 5": {
        "total_distance": 41722.906093805504,
        "total_duration": 8824,
        "stops": 50,
        "stop_density": 0.001198382487729525,
        "traffic_index": 2.9376036205252967,
        "parking_stress": 0.0035203727347283644
    },
    "Cluster 7": {
        "total_distance": 53613.006278236804,
        "total_duration": 8278,
        "stops": 50,
        "stop_density": 0.0009326095190505399,
        "traffic_index": 2.1446553361189626,
        "parking_stress": 0.00200012598154708
    },
    "Cluster 8": {
        "total_distance": 22634.139136652208,
        "total_duration": 5313,
        "stops": 50,
        "stop_density": 0.002209052427314691,
        "traffic_index": 3.2604540227685166,
        "parking_stress": 0.00720251387314474
    },
    "Cluster 9": {
        "total_distance": 46997.17493454296,
        "total_duration": 9001,
        "stops": 50,
        "stop_density": 0.0010638937355200463,
        "traffic_index": 2.6602426672269477,
        "parking_stress": 0.002830215508625889
    }
}