{
 "Cluster 0": {
  "STOP_010": [
   78.18565309053604,
   11.69717973866124
  ],
  "STOP_011": [
   78.17548122103858,
   11.69916041332409
  ],
  "STOP_019": [
   78.18839038135384,
   11.69597521020451
  ],
  "STOP_023": [
   78.17983907216946,
   11.69320687790902
  ],
  "STOP_026": [
   78.19659666544172,
   11.70440118670339
  ],
  "STOP_032": [
   78.18154299052043,
   11.69104126829794
  ],
  "STOP_033": [
   78.17610225042073,
   11.69624010828854
  ],
  "STOP_040": [
   78.18929044382733,
   11.70556110722696
  ],
  "STOP_051": [
   78.177623232518,
   11.7037807402737
  ],
  "STOP_055": [
   78.17839173357265,
   11.70241469003676
  ],
  "STOP_058": [
   78.18150393906275,
   11.70421508152314
  ],
  "STOP_062": [
   78.18426168545888,
   11.69478915184262
  ],
  "STOP_065": [
   78.17748693923967,
   11.68916222866379
  ],
  "STOP_069": [
   78.18385325455665,
   11.70325019433857
  ],
  "STOP_072": [
   78.17680646806058,
   11.69559739486869
  ],
  "STOP_077": [
   78.17399803065832,
   11.70381780083987
  ],
  "STOP_079": [
   78.1857515598892,
   11.69686735545656
  ],
  "STOP_087": [
   78.1868642785946,
   11.70316910206402
  ],
  "STOP_090": [
   78.18120954924935,
   11.70035404324741
  ],
  "STOP_093": [
   78.18628334026559,
   11.70403491227144
  ],
  "STOP_096": [
   78.18524196243521,
   11.69705016796431
  ],
  "STOP_100": [
   78.1820315636912,
   11.69562671558297
  ],
  "STOP_102": [
   78.18257398289768,
   11.69169046415736
  ],
  "STOP_113": [
   78.17824099651094,
   11.70701574228395
  ],
  "STOP_115": [
   78.17844352214539,
   11.69313438959612
  ],
  "STOP_118": [
   78.18152753758305,
   11.6972623843273
  ],
  "STOP_121": [
   78.18140930700493,
   11.70078722240434
  ],
  "STOP_122": [
   78.18606539266322,
   11.69190231705991
  ],
  "STOP_124": [
   78.18411836583341,
   11.71503106758629
  ],
  "STOP_127": [
   78.18994807181727,
   11.6983551713393
  ],
  "STOP_129": [
   78.17514617209731,
   11.6991599909181
  ],
  "STOP_132": [
   78.17422699074119,
   11.68732952734478
  ],
  "STOP_138": [
   78.18154000089916,
   11.70974512937515
  ],
  "STOP_139": [
   78.17766412628986,
   11.69717897008012
  ],
  "STOP_142": [
   78.19113165329559,
   11.69719632610699
  ],
  "STOP_143": [
   78.18726014859917,
   11.71016232507289
  ],
  "STOP_145": [
   78.18653025532768,
   11.70425829511167
  ],
  "STOP_170": [
   78.18375542239232,
   11.69087603742111
  ],
  "STOP_174": [
   78.16960081531475,
   11.68985340190796
  ],
  "STOP_181": [
   78.18694679876108,
   11.70602188670806
  ],
  "STOP_184": [
   78.18963603041925,
   11.70325056255373
  ],
  "STOP_212": [
   78.19485233209764,
   11.70598120195933
  ],
  "STOP_214": [
   78.1821090445075,
   11.69634891708075
  ],
  "STOP_240": [
   78.19381109500722,
   11.70219044040391
  ],
  "STOP_241": [
   78.17901579960689,
   11.69259460483246
  ],
  "STOP_243": [
   78.1848605003,
   11.69882899964453
  ],
  "STOP_283": [
   78.17002751258663,
   11.69248052521073
  ],
  "STOP_287": [
   78.18263862551376,
   11.69488792144381
  ],
  "STOP_291": [
   78.18324416989138,
   11.70652468475776
  ],
  "STOP_297": [
   78.17699407553054,
   11.69794692194015
  ]
 },
 "Cluster 1": {
  "STOP_004": [
   78.1168193833654,
   11.64444279973203
  ],
  "STOP_021": [
   78.1203234193639,
   11.66775220956084
  ],
  "STOP_022": [
   78.12093296614731,
   11.64237489373358
  ],
  "STOP_029": [
   78.12312113129353,
   11.65420703666164
  ],
  "STOP_034": [
   78.12096987921885,
   11.66643198126718
  ],
  "STOP_037": [
   78.12026819620557,
   11.65142851043055
  ],
  "STOP_048": [
   78.12775450702196,
   11.65192366584401
  ],
  "STOP_059": [
   78.12392351814752,
   11.65560245145022
  ],
  "STOP_066": [
   78.124576458999,
   11.6465730551376
  ],
  "STOP_067": [
   78.12627571900394,
   11.64077936852462
  ],
  "STOP_075": [
   78.11811755453428,
   11.64314674858374
  ],
  "STOP_095": [
   78.12244837126656,
   11.64111234989039
  ],
  "STOP_097": [
   78.12518232765578,
   11.64418604875196
  ],
  "STOP_104": [
   78.12478676713128,
   11.65057004838521
  ],
  "STOP_119": [
   78.13541370090073,
   11.64641320503261
  ],
  "STOP_135": [
   78.1282780511396,
   11.67048167366865
  ],
  "STOP_137": [
   78.1119751431341,
   11.64855259703899
  ],
  "STOP_152": [
   78.1232396555417,
   11.66462765225938
  ],
  "STOP_159": [
   78.12787286903595,
   11.65589291034377
  ],
  "STOP_167": [
   78.11142558575489,
   11.63680958970556
  ],
  "STOP_168": [
   78.12652981255864,
   11.6503836035637
  ],
  "STOP_175": [
   78.12264500882738,
   11.6563467529531
  ],
  "STOP_179": [
   78.12575149972925,
   11.65805406311175
  ],
  "STOP_182": [
   78.12458186631584,
   11.66007206741923
  ],
  "STOP_185": [
   78.12268843335306,
   11.64295383654158
  ],
  "STOP_191": [
   78.12929609822743,
   11.6578036978528
  ],
  "STOP_195": [
   78.12124198356759,
   11.65461512407048
  ],
  "STOP_197": [
   78.12103227789805,
   11.64894416337454
  ],
  "STOP_198": [
   78.11499673687906,
   11.65215123501543
  ],
  "STOP_200": [
   78.11844026503996,
   11.65898069960937
  ],
  "STOP_203": [
   78.12859548346712,
   11.65754792044189
  ],
  "STOP_210": [
   78.12044691849266,
   11.65779336492974
  ],
  "STOP_215": [
   78.12791784074007,
   11.64621769683693
  ],
  "STOP_219": [
   78.1132035716542,
   11.64268503831684
  ],
  "STOP_222": [
   78.13163914362568,
   11.65409196960251
  ],
  "STOP_231": [
   78.14266640717236,
   11.66839771533354
  ],
  "STOP_234": [
   78.11265224515245,
   11.66368665165755
  ],
  "STOP_236": [
   78.12263433232718,
   11.65821636397631
  ],
  "STOP_239": [
   78.11055704176894,
   11.65097511607079
  ],
  "STOP_246": [
   78.12243688688291,
   11.65410225946644
  ],
  "STOP_248": [
   78.12887081757594,
   11.65375430471765
  ],
  "STOP_250": [
   78.13034031835583,
   11.6571719451657
  ],
  "STOP_252": [
   78.13971669459647,
   11.65328332033328
  ],
  "STOP_258": [
   78.12421304819937,
   11.65731972537825
  ],
  "STOP_271": [
   78.12062918893135,
   11.66540569186501
  ],
  "STOP_273": [
   78.12162512236395,
   11.65452466973917
  ],
  "STOP_279": [
   78.1175044941968,
   11.67241952380128
  ],
  "STOP_280": [
   78.13086382085416,
   11.65180138629045
  ],
  "STOP_294": [
   78.11514979780992,
   11.65260297215854
  ],
  "STOP_300": [
   78.12480101003074,
   11.66531316079831
  ]
 },
 "Cluster 2": {
  "STOP_005": [
   78.12226305549594,
   11.7031544107905
  ],
  "STOP_006": [
   78.141727742738,
   11.6907413789313
  ],
  "STOP_016": [
   78.12295310044945,
   11.70342245885427
  ],
  "STOP_024": [
   78.11491772434363,
   11.69075169736644
  ],
  "STOP_027": [
   78.15114666985296,
   11.69574073698985
  ],
  "STOP_038": [
   78.12523272392943,
   11.68496352279786
  ],
  "STOP_039": [
   78.12760821072344,
   11.70520421984597
  ],
  "STOP_042": [
   78.13229665535692,
   11.69510105278841
  ],
  "STOP_043": [
   78.12671579501603,
   11.69689004373996
  ],
  "STOP_054": [
   78.15160351431058,
   11.68700085941589
  ],
  "STOP_063": [
   78.13785974099218,
   11.68971418960776
  ],
  "STOP_068": [
   78.14472606258578,
   11.69496683615789
  ],
  "STOP_071": [
   78.12176582363651,
   11.6809494405647
  ],
  "STOP_078": [
   78.1542517580199,
   11.69402156247872
  ],
  "STOP_085": [
   78.15683121266825,
   11.68746209442399
  ],
  "STOP_092": [
   78.13953440029522,
   11.69607074226085
  ],
  "STOP_098": [
   78.1278443651639,
   11.69961127912525
  ],
  "STOP_099": [
   78.13617637625632,
   11.69663806187756
  ],
  "STOP_101": [
   78.14399908793497,
   11.68705769847285
  ],
  "STOP_107": [
   78.148068640562,
   11.69275849451068
  ],
  "STOP_114": [
   78.14912939465302,
   11.68700317608136
  ],
  "STOP_116": [
   78.12573721339889,
   11.68383684072671
  ],
  "STOP_133": [
   78.1315905079633,
   11.6880844438191
  ],
  "STOP_140": [
   78.13636143431859,
   11.70069320248617
  ],