{
  "Cluster 0": {
    "physical_load": {
      "total_weight": 4244.789999999998,
      "heavy_pkg_ratio": 0.7695852534562212,
      "bulky_ratio": 0.7788018433179723
    },
    "stair_load": {
      "stair_load_index": 13505.300000000001,
      "avg_floor": 7.516129032258065,
      "elevator_coverage": 0.5345622119815668
    },
    "traffic_stress": {
      "traffic_index": 3.458320751598226,
      "parking_stress": 0.007946196477660471,
      "stop_density": 0.00229770372629208
    },
    "route_distance": {
      "total_distance": 21760.85603546786,
      "total_duration": 5418.0
    },
    "cognitive_density": 9.972034172107628
  },
  "Cluster 1": {
    "physical_load": {
      "total_weight": 4650.959999999999,
      "heavy_pkg_ratio": 0.7610619469026548,
      "bulky_ratio": 0.827433628318584
    },
    "stair_load": {
      "stair_load_index": 16073.599999999991,
      "avg_floor": 7.716814159292035,
      "elevator_coverage": 0.6061946902654867
    },
    "traffic_stress": {
      "traffic_index": 2.752330939007416,
      "parking_stress": 0.003992531571433699,
      "stop_density": 0.001450600113107598
    },
    "route_distance": {
      "total_distance": 34468.49310723255,
      "total_duration": 6830.0
    },
    "cognitive_density": 6.556712511246342
  },
  "Cluster 2": {
    "physical_load": {
      "total_weight": 4123.979999999998,
      "heavy_pkg_ratio": 0.680365296803653,
      "bulky_ratio": 0.771689497716895
    },
    "stair_load": {
      "stair_load_index": 14586.960000000001,
      "avg_floor": 8.054794520547945,
      "elevator_coverage": 0.5662100456621004
    },
    "traffic_stress": {
      "traffic_index": 3.373460273907728,
      "parking_stress": 0.005601745650951093,
      "stop_density": 0.0016605340499421912
    },
    "route_distance": {
      "total_distance": 30110.794778186373,
      "total_duration": 7313.0
    },
    "cognitive_density": 7.273139138746798
  },
  "Cluster 3": {
    "physical_load": {
      "total_weight": 4184.92,
      "heavy_pkg_ratio": 0.75,
      "bulky_ratio": 0.7083333333333334
    },
    "stair_load": {
      "stair_load_index": 15342.140000000001,
      "avg_floor": 8.092592592592593,
      "elevator_coverage": 0.537037037037037
    },
    "traffic_stress": {
      "traffic_index": 2.916820222443103,
      "parking_stress": 0.006423191001303561,
      "stop_density": 0.002202120978139528
    },
    "route_distance": {
      "total_distance": 22705.382899645563,
      "total_duration": 4768.0
    },
    "cognitive_density": 9.513162625562762
  },
  "Cluster 4": {
    "physical_load": {
      "total_weight": 5453.870000000001,
      "heavy_pkg_ratio": 0.7824427480916031,
      "bulky_ratio": 0.7480916030534351
    },
    "stair_load": {
      "stair_load_index": 25614.25,
      "avg_floor": 9.080152671755725,
      "elevator_coverage": 0.5305343511450382
    },
    "traffic_stress": {
      "traffic_index": 3.2722214398920397,
      "parking_stress": 0.006070826248545081,
      "stop_density": 0.0018552614363242408
    },
    "route_distance": {
      "total_distance": 26950.379618229497,
      "total_duration": 6349.0
    },
    "cognitive_density": 9.721569926339022
  },
  "Cluster 5": {
    "physical_load": {
      "total_weight": 4033.7699999999986,
      "heavy_pkg_ratio": 0.7282051282051282,
      "bulky_ratio": 0.7692307692307693
    },
    "stair_load": {
      "stair_load_index": 15385.979999999998,
      "avg_floor": 7.364102564102564,
      "elevator_coverage": 0.5333333333333333
    },
    "traffic_stress": {
      "traffic_index": 2.5650522982418327,
      "parking_stress": 0.003965887660965782,
      "stop_density": 0.0015461235093273246
    },
    "route_distance": {
      "total_distance": 32338.94297471333,
      "total_duration": 5972.0
    },
    "cognitive_density": 6.029881686376566
  }
}