{
  "Cluster 0": {
    "num_packages": 217,
    "packages_per_stop": 4.34,
    "total_weight_kg": 4244.789999999998,
    "avg_weight_kg": 19.561244239631336,
    "heavy_pkg_ratio_gt10kg": 0.7695852534562212,
    "total_volume_cm3": 45550881.0,
    "avg_volume_cm3": 209911.8940092166,
    "bulky_pkg_ratio_gt50000cm3": 0.7788018433179723,
    "avg_floor": 7.516129032258065,
    "high_floor_ratio_ge3": 0.6728110599078341,
    "elevator_coverage_ratio": 0.5345622119815668,
    "stair_load_index": 13505.300000000001
  },
  "Cluster 1": {
    "num_packages": 226,
    "packages_per_stop": 4.52,
    "total_weight_kg": 4650.959999999999,
    "avg_weight_kg": 20.579469026548672,
    "heavy_pkg_ratio_gt10kg": 0.7610619469026548,
    "total_volume_cm3": 53985519.0,
    "avg_volume_cm3": 238873.9778761062,
    "bulky_pkg_ratio_gt50000cm3": 0.827433628318584,
    "avg_floor": 7.716814159292035,
    "high_floor_ratio_ge3": 0.6902654867256637,
    "elevator_coverage_ratio": 0.6061946902654867,
    "stair_load_index": 16073.599999999991
  },
  "Cluster 2": {
    "num_packages": 219,
    "packages_per_stop": 4.38,
    "total_weight_kg": 4123.979999999998,
    "avg_weight_kg": 18.83095890410959,
    "heavy_pkg_ratio_gt10kg": 0.680365296803653,
    "total_volume_cm3": 46472824.0,
    "avg_volume_cm3": 212204.67579908675,
    "bulky_pkg_ratio_gt50000cm3": 0.771689497716895,
    "avg_floor": 8.054794520547945,
    "high_floor_ratio_ge3": 0.7077625570776256,
    "elevator_coverage_ratio": 0.5662100456621004,
    "stair_load_index": 14586.960000000001
  },
  "Cluster 3": {
    "num_packages": 216,
    "packages_per_stop": 4.32,
    "total_weight_kg": 4184.92,
    "avg_weight_kg": 19.37462962962963,
    "heavy_pkg_ratio_gt10kg": 0.75,
    "total_volume_cm3": 45368347.0,
    "avg_volume_cm3": 210038.6435185185,
    "bulky_pkg_ratio_gt50000cm3": 0.7083333333333334,
    "avg_floor": 8.092592592592593,
    "high_floor_ratio_ge3": 0.7222222222222222,
    "elevator_coverage_ratio": 0.537037037037037,
    "stair_load_index": 15342.140000000001
  },
  "Cluster 4": {
    "num_packages": 262,
    "packages_per_stop": 5.24,
    "total_weight_kg": 5453.870000000001,
    "avg_weight_kg": 20.816297709923663,
    "heavy_pkg_ratio_gt10kg": 0.7824427480916031,
    "total_volume_cm3": 54330366.0,
    "avg_volume_cm3": 207367.80916030533,
    "bulky_pkg_ratio_gt50000cm3": 0.7480916030534351,
    "avg_floor": 9.080152671755725,
    "high_floor_ratio_ge3": 0.7786259541984732,
    "elevator_coverage_ratio": 0.5305343511450382,
    "stair_load_index": 25614.25
  },
  "Cluster 5": {
    "num_packages": 195,
    "packages_per_stop": 3.9,
    "total_weight_kg": 4033.7699999999986,
    "avg_weight_kg": 20.686,
    "heavy_pkg_ratio_gt10kg": 0.7282051282051282,
    "total_volume_cm3": 43029457.0,
    "avg_volume_cm3": 220663.88205128204,
    "bulky_pkg_ratio_gt50000cm3": 0.7692307692307693,
    "avg_floor": 7.364102564102564,
    "high_floor_ratio_ge3": 0.7538461538461538,
    "elevator_coverage_ratio": 0.5333333333333333,
    "stair_load_index": 15385.979999999998
  }
}