{
  "Cluster 0": {
    "num_packages": 276,
    "packages_per_stop": 5.52,
    "total_weight_kg": 5431.049999999998,
    "avg_weight_kg": 19.67771739130435,
    "heavy_pkg_ratio_gt10kg": 0.7463768115942029,
    "total_volume_cm3": 31629898.0,
    "avg_volume_cm3": 114601.07971014493,
    "bulky_pkg_ratio_gt50000cm3": 0.644927536231884,
    "avg_floor": 8.028985507246377,
    "high_floor_ratio_ge3": 0.7137681159420289,
    "elevator_coverage_ratio": 0.6594202898550725,
    "stair_load_index": 5962.210000000001
  },
  "Cluster 1": {
    "num_packages": 274,
    "packages_per_stop": 5.48,
    "total_weight_kg": 5371.91,
    "avg_weight_kg": 19.60551094890511,
    "heavy_pkg_ratio_gt10kg": 0.7372262773722628,
    "total_volume_cm3": 32360578.0,
    "avg_volume_cm3": 118104.299270073,
    "bulky_pkg_ratio_gt50000cm3": 0.656934306569343,
    "avg_floor": 7.795620437956204,
    "high_floor_ratio_ge3": 0.708029197080292,
    "elevator_coverage_ratio": 0.6934306569343065,
    "stair_load_index": 7220.21
  },
  "Cluster 2": {
    "num_packages": 264,
    "packages_per_stop": 5.28,
    "total_weight_kg": 5096.280000000002,
    "avg_weight_kg": 19.30409090909091,
    "heavy_pkg_ratio_gt10kg": 0.7234848484848485,
    "total_volume_cm3": 30636054.0,
    "avg_volume_cm3": 116045.65909090909,
    "bulky_pkg_ratio_gt50000cm3": 0.6174242424242424,
    "avg_floor": 7.988636363636363,
    "high_floor_ratio_ge3": 0.7196969696969697,
    "elevator_coverage_ratio": 0.6818181818181819,
    "stair_load_index": 8388.08
  },
  "Cluster 3": {
    "num_packages": 292,
    "packages_per_stop": 5.84,
    "total_weight_kg": 6115.129999999999,
    "avg_weight_kg": 20.94222602739726,
    "heavy_pkg_ratio_gt10kg": 0.791095890410959,
    "total_volume_cm3": 34877654.0,
    "avg_volume_cm3": 119444.02054794521,
    "bulky_pkg_ratio_gt50000cm3": 0.6164383561643836,
    "avg_floor": 7.386986301369863,
    "high_floor_ratio_ge3": 0.6952054794520548,
    "elevator_coverage_ratio": 0.6506849315068493,
    "stair_load_index": 8444.24
  },
  "Cluster 4": {
    "num_packages": 303,
    "packages_per_stop": 6.06,
    "total_weight_kg": 5819.610000000002,
    "avg_weight_kg": 19.206633663366336,
    "heavy_pkg_ratio_gt10kg": 0.7524752475247525,
    "total_volume_cm3": 34609097.0,
    "avg_volume_cm3": 114221.44224422442,
    "bulky_pkg_ratio_gt50000cm3": 0.5841584158415841,
    "avg_floor": 9.343234323432343,
    "high_floor_ratio_ge3": 0.7755775577557755,
    "elevator_coverage_ratio": 0.7128712871287128,
    "stair_load_index": 8938.480000000001
  },
  "Cluster 5": {
    "num_packages": 312,
    "packages_per_stop": 6.24,
    "total_weight_kg": 6488.419999999997,
    "avg_weight_kg": 20.79621794871795,
    "heavy_pkg_ratio_gt10kg": 0.7692307692307693,
    "total_volume_cm3": 36415098.0,
    "avg_volume_cm3": 116715.05769230769,
    "bulky_pkg_ratio_gt50000cm3": 0.6025641025641025,
    "avg_floor": 8.509615384615385,
    "high_floor_ratio_ge3": 0.7211538461538461,
    "elevator_coverage_ratio": 0.6602564102564102,
    "stair_load_index": 8192.23
  }
}