{
 "Cluster 0": {
  "STOP_003": [
   78.19698777073795,
   11.671512432231893
  ],
  "STOP_005": [
   78.18755157790882,
   11.684797305881512
  ],
  "STOP_007": [
   78.19587533696637,
   11.680595729206843
  ],
  "STOP_013": [
   78.19748930630375,
   11.672039915938694
  ],
  "STOP_019": [
   78.18306683056373,
   11.67708721476501
  ],
  "STOP_028": [
   78.198521051844,
   11.66883196744
  ],
  "STOP_032": [
   78.20111164318418,
   11.690887377617688
  ],
  "STOP_042": [
   78.18671403934783,
   11.672111469950995
  ],
  "STOP_043": [
   78.18592653903812,
   11.672072818781931
  ],
  "STOP_048": [
   78.18542245436426,
   11.669748078763789
  ],
  "STOP_056": [
   78.20409198553496,
   11.675900782526456
  ],
  "STOP_080": [
   78.19289624039494,
   11.677936071290494
  ],
  "STOP_081": [
   78.18755439307007,
   11.674057125852862
  ],
  "STOP_089": [
   78.19387964634002,
   11.691905383608079
  ],
  "STOP_090": [
   78.19198438330515,
   11.696408895278106
  ],
  "STOP_100": [
   78.19286825662869,
   11.671243636825094
  ],
  "STOP_106": [
   78.18477330211562,
   11.67970414636295
  ],
  "STOP_108": [
   78.19395841036729,
   11.688011280612931
  ],
  "STOP_113": [
   78.18934244919029,
   11.676112752244096
  ],
  "STOP_115": [
   78.1937917860926,
   11.689220207446885
  ],
  "STOP_123": [
   78.19749257602348,
   11.682957584349682
  ],
  "STOP_124": [
   78.20168783314863,
   11.68482531651186
  ],
  "STOP_125": [
   78.19540324938848,
   11.688815652255348
  ],
  "STOP_141": [
   78.18894164904849,
   11.669382739670814
  ],
  "STOP_151": [
   78.18996094755278,
   11.694797370370175
  ],
  "STOP_153": [
   78.19359347479036,
   11.682231478463185
  ],
  "STOP_154": [
   78.19566144443517,
   11.667264599482074
  ],
  "STOP_165": [
   78.20011376653031,
   11.697489381493606
  ],
  "STOP_166": [
   78.19695440338131,
   11.684271092973718
  ],
  "STOP_167": [
   78.19937715722153,
   11.66835243832233
  ],
  "STOP_171": [
   78.18729146126982,
   11.670568065636255
  ],
  "STOP_177": [
   78.19836740397301,
   11.691516453761292
  ],
  "STOP_179": [
   78.191170166547,
   11.689846070911374
  ],
  "STOP_206": [
   78.1891430153228,
   11.671605971474634
  ],
  "STOP_219": [
   78.19492833479006,
   11.673402456128281
  ],
  "STOP_220": [
   78.1852565749301,
   11.669066321605111
  ],
  "STOP_223": [
   78.19628804257364,
   11.67006008363633
  ],
  "STOP_224": [
   78.19203859811915,
   11.668539500810976
  ],
  "STOP_240": [
   78.19046310625772,
   11.674647318633232
  ],
  "STOP_241": [
   78.19170744433335,
   11.672268183050068
  ],
  "STOP_260": [
   78.18555341329747,
   11.672238877026984
  ],
  "STOP_262": [
   78.18825133766971,
   11.674590135960266
  ],
  "STOP_268": [
   78.19618631346125,
   11.67647715224708
  ],
  "STOP_271": [
   78.18570065237513,
   11.677351526331957
  ],
  "STOP_273": [
   78.18800492408633,
   11.680206330268923
  ],
  "STOP_277": [
   78.19716545495852,
   11.684451211117144
  ],
  "STOP_278": [
   78.18764138119286,
   11.67563040478267
  ],
  "STOP_290": [
   78.19268422609709,
   11.67857691301802
  ],
  "STOP_293": [
   78.19204533711746,
   11.696329573692163
  ],
  "STOP_300": [
   78.1960611918286,
   11.668918676215382
  ]
 },
 "Cluster 1": {
  "STOP_004": [
   78.16184386546952,
   11.688340377639154
  ],
  "STOP_010": [
   78.15708195108358,
   11.685346082937608
  ],
  "STOP_012": [
   78.14966225782648,
   11.690928849088056
  ],
  "STOP_025": [
   78.15623612897703,
   11.671843900842907
  ],
  "STOP_026": [
   78.14593182123889,
   11.687498179911481
  ],
  "STOP_027": [
   78.13984411596395,
   11.698262297998895
  ],
  "STOP_029": [
   78.15015161281966,
   11.66579508175684
  ],
  "STOP_036": [
   78.16768330266383,
   11.692494530363645
  ],
  "STOP_058": [
   78.16992444619474,
   11.705792427664024
  ],
  "STOP_062": [
   78.14337889574058,
   11.688428655488668
  ],
  "STOP_067": [
   78.17547015083326,
   11.695703529045371
  ],
  "STOP_068": [
   78.15656216210657,
   11.680741549346612
  ],
  "STOP_074": [
   78.14326689329255,
   11.690565364244067
  ],
  "STOP_084": [
   78.13178262481412,
   11.688831693000823
  ],
  "STOP_086": [
   78.14855702638495,
   11.669129827873126
  ],
  "STOP_099": [
   78.15191030677993,
   11.695079775151225
  ],
  "STOP_101": [
   78.13534244489504,
   11.689002717208842
  ],
  "STOP_102": [
   78.15172412022008,
   11.68036058550623
  ],
  "STOP_104": [
   78.15455878399544,
   11.684328377912859
  ],
  "STOP_105": [
   78.1656094776077,
   11.688864775000692
  ],
  "STOP_114": [
   78.1640522172071,
   11.68683851766711
  ],
  "STOP_132": [
   78.1859819394904,
   11.697156252876082
  ],
  "STOP_133": [
   78.14829794983507,
   11.682146302551464
  ],
  "STOP_134": [
   78.15198044274446,
   11.665469721780909
  ],
  "STOP_136": [
   78.16057087111359,
   11.675923401034801
  ],
  "STOP_137": [
   78.1752382965908,
   11.707240319181071
  ],
  "STOP_139": [
   78.15947543746228,
   11.6784223815645
  ],
  "STOP_147": [
   78.13294108730786,
   11.684118958735068
  ],
  "STOP_155": [
   78.15574788127576,
   11.683424490521002
  ],
  "STOP_156": [
   78.1613571125849,
   11.68349836342786
  ],
  "STOP_169": [
   78.15898153230248,
   11.679060423972688
  ],
  "STOP_176": [
   78.14469602760218,
   11.698913424124573
  ],
  "STOP_181": [
   78.14611427103961,
   11.695905809769991
  ],
  "STOP_186": [
   78.1794988835484,
   11.699458477061762
  ],
  "STOP_192": [
   78.15957248600209,
   11.663111442919519
  ],
  "STOP_201": [
   78.1518012485329,
   11.683537364004321
  ],
  "STOP_211": [
   78.13512027041806,
   11.681683600540486
  ],
  "STOP_214": [
   78.1321718499699,
   11.686556905415626
  ],
  "STOP_215": [
   78.16001422185228,
   11.660757764424378
  ],
  "STOP_216": [
   78.15017710019664,
   11.674737823156287
  ],
  "STOP_225": [
   78.14214854561054,
   11.696032234556911
  ],
  "STOP_235": [
   78.13691790305072,
   11.693688435228015
  ],
  "STOP_243": [
   78.17055589846848,
   11.708257779298675
  ],
  "STOP_245": [
   78.13914251005373,
   11.684564148983332
  ],
  "STOP_251": [
   78.15674625109261,
   11.680953470639066
  ],
  "STOP_252": [
   78.15012738834348,
   11.680654240618146
  ],
  "STOP_286": [
   78.13314744206728,
   11.69204958926741
  ],
  "STOP_288": [
   78.15195653456674,
   11.67718533965476
  ],
  "STOP_297": [
   78.15132104828771,
   11.69734204439378
  ],
  "STOP_299": [
   78.17819287880945,
   11.696527626463226
  ]
 },
 "Cluster 2": {
  "STOP_002": [
   78.18930270262102,
   11.712738819464013
  ],
  "STOP_009": [
   78.1799947805195,
   11.709069544195954
  ],
  "STOP_016": [
   78.184512756733,
   11.710735468141761
  ],
  "STOP_024": [
   78.18142291081897,
   11.709677926427934
  ],
  "STOP_033": [
   78.19690487046392,
   11.709301399021234
  ],
  "STOP_035": [
   78.1902624087941,
   11.712497157906885
  ],
  "STOP_037": [
   78.18517143326439,
   11.70251199036754
  ],
  "STOP_052": [
   78.19363759738239,
   11.710761654386417
  ],
  "STOP_059": [
   78.18459400853008,
   11.713838382670522
  ],
  "STOP_060": [
   78.18519690638936,
   11.711340993648825
  ],
  "STOP_063": [
   78.18612803782418,
   11.71900733412976
  ],
  "STOP_066": [
   78.19756574797844,
   11.699571792927943
  ],
  "STOP_072": [
   78.19348145095415,
   11.70205047156758
  ],
  "STOP_079": [
   78.19582160284753,
   11.723222763206042
  ],
  "STOP_083": [
   78.19631894927949,
   11.70370759457507
  ],
  "STOP_094": [
   78.19599786210439,
   11.706194605617775
  ],
  "STOP_110": [
   78.18581055434602,
   11.7107896045814
  ],
  "STOP_118": [
   78.18340399173495,
   11.712861500461326
  ],
  "STOP_121": [
   78.1888377565651,
   11.7017700539268
  ],
  "STOP_126": [
   78.18413521207096,
   11.71879046099666
  ],
  "STOP_127": [
   78.18898312209514,
   11.702793953739251
  ],
  "STOP_142": [
   78.1819963888776,
   11.709020624556295
  ],
  "STOP_149": [
   78.19362061484333,
   11.705461260955047
  ],