{
 "Cluster 0": {
  "STOP_005": [
   78.16369917439458,
   11.66317067038325
  ],
  "STOP_006": [
   78.16372340116706,
   11.65913751119463
  ],
  "STOP_007": [
   78.16654492102458,
   11.65334730923028
  ],
  "STOP_008": [
   78.15867740060827,
   11.65875128009194
  ],
  "STOP_009": [
   78.16152574745698,
   11.66225741953929
  ],
  "STOP_012": [
   78.16584718475707,
   11.65530143746405
  ],
  "STOP_014": [
   78.16097309762863,
   11.66250322228229
  ],
  "STOP_019": [
   78.15183662711479,
   11.66108974903043
  ],
  "STOP_020": [
   78.16026432774272,
   11.66178787515238
  ],
  "STOP_021": [
   78.15395503905475,
   11.66961390265071
  ],
  "STOP_023": [
   78.1450870847733,
   11.66604905269237
  ],
  "STOP_025": [
   78.1669515450966,
   11.65394826958746
  ],
  "STOP_027": [
   78.14829348473354,
   11.67137513468132
  ],
  "STOP_029": [
   78.14764430264188,
   11.66769158002255
  ],
  "STOP_031": [
   78.16366037498693,
   11.66025779430225
  ],
  "STOP_032": [
   78.14657583283874,
   11.66414360302963
  ],
  "STOP_035": [
   78.15244771683496,
   11.66634795050753
  ],
  "STOP_038": [
   78.1405221923184,
   11.67221603954345
  ],
  "STOP_040": [
   78.1513682158409,
   11.66097815386755
  ],
  "STOP_041": [
   78.16469838438697,
   11.66242888049495
  ],
  "STOP_043": [
   78.1477671983232,
   11.66692140135161
  ],
  "STOP_045": [
   78.16345803112324,
   11.66305349994136
  ],
  "STOP_046": [
   78.15138948293216,
   11.67280300948808
  ],
  "STOP_047": [
   78.1627688595628,
   11.65968978162251
  ],
  "STOP_049": [
   78.15218565384302,
   11.66997265061467
  ],
  "STOP_052": [
   78.14963031466866,
   11.66571932044907
  ],
  "STOP_056": [
   78.15790198707712,
   11.66089437470711
  ],
  "STOP_059": [
   78.1654382248595,
   11.65632571805843
  ],
  "STOP_060": [
   78.15557246399283,
   11.6719361616567
  ],
  "STOP_064": [
   78.14703902743425,
   11.66666323860754
  ],
  "STOP_065": [
   78.15139977819511,
   11.66691452690949
  ],
  "STOP_066": [
   78.14479851901051,
   11.66920268142518
  ],
  "STOP_069": [
   78.16244405876897,
   11.65971218414408
  ],
  "STOP_070": [
   78.15425524160425,
   11.66400497226022
  ],
  "STOP_072": [
   78.15914713900007,
   11.66173896564304
  ],
  "STOP_074": [
   78.14605336989125,
   11.66364660307361
  ],
  "STOP_078": [
   78.1667493618315,
   11.6581430245368
  ],
  "STOP_081": [
   78.1616783452574,
   11.66414876862388
  ],
  "STOP_085": [
   78.1645955194743,
   11.65798548555148
  ],
  "STOP_086": [
   78.14744311501626,
   11.66566518838609
  ],
  "STOP_087": [
   78.1506927658971,
   11.67029303742522
  ],
  "STOP_088": [
   78.15210793593208,
   11.6722371625221
  ],
  "STOP_092": [
   78.16129350194608,
   11.66293031986988
  ],
  "STOP_094": [
   78.15289412323305,
   11.66863711387532
  ],
  "STOP_095": [
   78.16218989706604,
   11.65494104131016
  ],
  "STOP_096": [
   78.16379101213005,
   11.6644260253862
  ],
  "STOP_097": [
   78.16643344691484,
   11.65601747509406
  ],
  "STOP_098": [
   78.15169389643818,
   11.67046969904487
  ],
  "STOP_099": [
   78.14746574298997,
   11.66954332994973
  ],
  "STOP_100": [
   78.15123400760855,
   11.66435654833463
  ]
 },
 "Cluster 1": {
  "STOP_001": [
   78.17144570517861,
   11.68651492229223
  ],
  "STOP_002": [
   78.16816782609072,
   11.66709254963454
  ],
  "STOP_003": [
   78.16852223506767,
   11.68613143166912
  ],
  "STOP_004": [
   78.1573180239968,
   11.67199816844256
  ],
  "STOP_010": [
   78.16582675226448,
   11.68141876469157
  ],
  "STOP_011": [
   78.17532144364225,
   11.68616487429497
  ],
  "STOP_013": [
   78.16728131766847,
   11.68751166985576
  ],
  "STOP_015": [
   78.1670562938069,
   11.68590120449774
  ],
  "STOP_016": [
   78.16705202211764,
   11.69447709223495
  ],
  "STOP_017": [
   78.16940485966761,
   11.68283713578109
  ],
  "STOP_018": [
   78.17274902821498,
   11.68218460489703
  ],
  "STOP_022": [
   78.16899625543701,
   11.68586356471456
  ],
  "STOP_024": [
   78.16373451685448,
   11.66522891911378
  ],
  "STOP_026": [
   78.17075518444415,
   11.68552765037525
  ],
  "STOP_028": [
   78.15512517082475,
   11.67265355000242
  ],
  "STOP_030": [
   78.16690212566392,
   11.6649026107174
  ],
  "STOP_033": [
   78.16882717522789,
   11.66642539032319
  ],
  "STOP_034": [
   78.16528903145199,
   11.66501456180047
  ],
  "STOP_036": [
   78.16702265436035,
   11.66715257647477
  ],
  "STOP_037": [
   78.15085786857833,
   11.67518700414921
  ],
  "STOP_039": [
   78.16980703683952,
   11.68587195009505
  ],
  "STOP_042": [
   78.17537042474552,
   11.68499489862382
  ],
  "STOP_044": [
   78.17312045703737,
   11.68838298393555
  ],
  "STOP_048": [
   78.16789041595403,
   11.68121391970439
  ],
  "STOP_050": [
   78.16947930239313,
   11.68612963096342
  ],
  "STOP_051": [
   78.16379736559836,
   11.68538539820585
  ],
  "STOP_053": [
   78.1688137057199,
   11.68868418292417
  ],
  "STOP_054": [
   78.17312181554315,
   11.66169874146023
  ],
  "STOP_055": [
   78.17048905012946,
   11.68677019583385
  ],
  "STOP_057": [
   78.16581799277807,
   11.67085339865885
  ],
  "STOP_058": [
   78.16868940470744,
   11.68827416886625
  ],
  "STOP_061": [
   78.16874119972648,
   11.65736288038973
  ],
  "STOP_062": [
   78.17118824918207,
   11.65539302595774
  ],
  "STOP_063": [
   78.16792450031352,
   11.66976225271215
  ],
  "STOP_067": [
   78.16520963371165,
   11.68896234921946
  ],
  "STOP_068": [
   78.14732347579783,
   11.67512816714602
  ],
  "STOP_071": [
   78.15191101247318,
   11.67415700054308
  ],
  "STOP_073": [
   78.17049837974356,
   11.69019527098403
  ],
  "STOP_075": [
   78.17154661482903,
   11.68825591818985
  ],
  "STOP_076": [
   78.17046081996794,
   11.6884537723349
  ],
  "STOP_077": [
   78.16673874968025,
   11.68799699428556
  ],
  "STOP_079": [
   78.17692194661115,
   11.68896331118056
  ],
  "STOP_080": [
   78.16469363457776,
   11.68969419393145
  ],
  "STOP_082": [
   78.17409323088259,
   11.68378525022351
  ],
  "STOP_083": [
   78.17331235308355,
   11.68871910320466
  ],
  "STOP_084": [
   78.16886531257829,
   11.66858760213952
  ],
  "STOP_089": [
   78.16951085613408,
   11.69288211580555
  ],
  "STOP_090": [
   78.16840022123361,
   11.69794865616328
  ],
  "STOP_091": [
   78.17196151795763,
   11.68363934927125
  ],
  "STOP_093": [
   78.16856499742526,
   11.68992398147329
  ]
 }
}