{
  "Cluster 0": {
    "physical_load": {
      "total_weight": 507.2799999999999,
      "heavy_pkg_ratio": 0.0,
      "bulky_ratio": 0.75
    },
    "stair_load": {
      "stair_load_index": 42.150000000000006,
      "avg_floor": 1.1166666666666667,
      "elevator_coverage": 0.9083333333333333
    },
    "traffic_stress": {
      "traffic_index": 2.46750789624868,
      "parking_stress": 0.00722862447553619,
      "stop_density": 0.0029295243539142358
    },
    "route_distance": {
      "total_distance": 17067.617114427918,
      "total_duration": 3032.0
    },
    "cognitive_density": 7.030858449394166
  },
  "Cluster 1": {
    "physical_load": {
      "total_weight": 570.77,
      "heavy_pkg_ratio": 0.0,
      "bulky_ratio": 0.7481481481481481
    },
    "stair_load": {
      "stair_load_index": 86.86999999999999,
      "avg_floor": 0.9777777777777777,
      "elevator_coverage": 0.8518518518518519
    },
    "traffic_stress": {
      "traffic_index": 3.4898928368959914,
      "parking_stress": 0.009753539460305828,
      "stop_density": 0.0027947962634236358
    },
    "route_distance": {
      "total_distance": 17890.391744960263,
      "total_duration": 4495.0
    },
    "cognitive_density": 7.5459499112438175
  }
}