{
  "Cluster 0": {
    "num_packages": 217,
    "packages_per_stop": 4.34,
    "total_weight_kg": 4582.719999999999,
    "avg_weight_kg": 21.11852534562212,
    "heavy_pkg_ratio_gt10kg": 0.7603686635944701,
    "total_volume_cm3": 26941173.0,
    "avg_volume_cm3": 124152.87096774194,
    "bulky_pkg_ratio_gt50000cm3": 0.6405529953917051,
    "avg_floor": 7.682027649769585,
    "high_floor_ratio_ge3": 0.6589861751152074,
    "elevator_coverage_ratio": 0.7004608294930876,
    "stair_load_index": 5478.72
  },
  "Cluster 1": {
    "num_packages": 246,
    "packages_per_stop": 4.92,
    "total_weight_kg": 5068.67,
    "avg_weight_kg": 20.604349593495936,
    "heavy_pkg_ratio_gt10kg": 0.7804878048780488,
    "total_volume_cm3": 28420555.0,
    "avg_volume_cm3": 115530.71138211382,
    "bulky_pkg_ratio_gt50000cm3": 0.6626016260162602,
    "avg_floor": 7.41869918699187,
    "high_floor_ratio_ge3": 0.6747967479674797,
    "elevator_coverage_ratio": 0.6422764227642277,
    "stair_load_index": 7930.920000000002
  },
  "Cluster 2": {
    "num_packages": 275,
    "packages_per_stop": 5.5,
    "total_weight_kg": 6023.079999999995,
    "avg_weight_kg": 21.90210909090909,
    "heavy_pkg_ratio_gt10kg": 0.8145454545454546,
    "total_volume_cm3": 33338233.0,
    "avg_volume_cm3": 121229.93818181819,
    "bulky_pkg_ratio_gt50000cm3": 0.6763636363636364,
    "avg_floor": 7.461818181818182,
    "high_floor_ratio_ge3": 0.6872727272727273,
    "elevator_coverage_ratio": 0.6581818181818182,
    "stair_load_index": 9626.65
  },
  "Cluster 3": {
    "num_packages": 263,
    "packages_per_stop": 5.26,
    "total_weight_kg": 5465.379999999998,
    "avg_weight_kg": 20.78091254752852,
    "heavy_pkg_ratio_gt10kg": 0.7984790874524715,
    "total_volume_cm3": 35180553.0,
    "avg_volume_cm3": 133766.36121673003,
    "bulky_pkg_ratio_gt50000cm3": 0.6730038022813688,
    "avg_floor": 8.741444866920151,
    "high_floor_ratio_ge3": 0.7300380228136882,
    "elevator_coverage_ratio": 0.6501901140684411,
    "stair_load_index": 8638.1
  },
  "Cluster 4": {
    "num_packages": 266,
    "packages_per_stop": 5.32,
    "total_weight_kg": 5534.670000000004,
    "avg_weight_kg": 20.80703007518797,
    "heavy_pkg_ratio_gt10kg": 0.7518796992481203,
    "total_volume_cm3": 32837879.0,
    "avg_volume_cm3": 123450.67293233082,
    "bulky_pkg_ratio_gt50000cm3": 0.6428571428571429,
    "avg_floor": 9.218045112781954,
    "high_floor_ratio_ge3": 0.7556390977443609,
    "elevator_coverage_ratio": 0.6842105263157895,
    "stair_load_index": 7363.83
  },
  "Cluster 5": {
    "num_packages": 298,
    "packages_per_stop": 5.96,
    "total_weight_kg": 5955.5199999999995,
    "avg_weight_kg": 19.98496644295302,
    "heavy_pkg_ratio_gt10kg": 0.7449664429530202,
    "total_volume_cm3": 34872794.0,
    "avg_volume_cm3": 117022.79865771811,
    "bulky_pkg_ratio_gt50000cm3": 0.6409395973154363,
    "avg_floor": 8.036912751677852,
    "high_floor_ratio_ge3": 0.714765100671141,
    "elevator_coverage_ratio": 0.697986577181208,
    "stair_load_index": 8075.82
  }
}