{
  "Cluster 0": {
    "num_packages": 120,
    "packages_per_stop": 2.4,
    "total_weight_kg": 507.2799999999999,
    "avg_weight_kg": 4.227333333333333,
    "heavy_pkg_ratio_gt10kg": 0.0,
    "total_volume_cm3": 24672722.0,
    "avg_volume_cm3": 205606.01666666666,
    "bulky_pkg_ratio_gt50000cm3": 0.75,
    "avg_floor": 1.1166666666666667,
    "high_floor_ratio_ge3": 0.0,
    "elevator_coverage_ratio": 0.9083333333333333,
    "stair_load_index": 42.150000000000006
  },
  "Cluster 1": {
    "num_packages": 135,
    "packages_per_stop": 2.7,
    "total_weight_kg": 570.77,
    "avg_weight_kg": 4.227925925925926,
    "heavy_pkg_ratio_gt10kg": 0.0,
    "total_volume_cm3": 23721729.0,
    "avg_volume_cm3": 175716.51111111112,
    "bulky_pkg_ratio_gt50000cm3": 0.7481481481481481,
    "avg_floor": 0.9777777777777777,
    "high_floor_ratio_ge3": 0.0,
    "elevator_coverage_ratio": 0.8518518518518519,
    "stair_load_index": 86.86999999999999
  }
}