{
    "Cluster 0": {
        "total_distance": 17067.617114427918,
        "total_duration": 3032,
        "stops": 50,
        "stop_density": 0.0029295243539142358,
        "traffic_index": 2.46750789624868,
        "parking_stress": 0.00722862447553619
    },
    "Cluster 1": {
        "total_distance": 17890.391744960263,
        "total_duration": 4495,
        "stops": 50,
        "stop_density": 0.0027947962634236358,
        "traffic_index": 3.4898928368959914,
        "parking_stress": 0.009753539460305828
    }
}