{
  "Cluster 0": {
    "num_packages": 348,
    "packages_per_stop": 6.96,
    "total_weight_kg": 9909.460000000014,
    "avg_weight_kg": 28.47545977011494,
    "heavy_pkg_ratio_gt10kg": 0.8850574712643678,
    "total_volume_cm3": 70474194.0,
    "avg_volume_cm3": 202512.05172413794,
    "bulky_pkg_ratio_gt50000cm3": 0.7557471264367817,
    "avg_floor": 14.290229885057471,
    "high_floor_ratio_ge3": 1.0,
    "elevator_coverage_ratio": 0.367816091954023,
    "stair_load_index": 90187.43999999999
  },
  "Cluster 1": {
    "num_packages": 307,
    "packages_per_stop": 6.14,
    "total_weight_kg": 8797.05,
    "avg_weight_kg": 28.65488599348534,
    "heavy_pkg_ratio_gt10kg": 0.9153094462540716,
    "total_volume_cm3": 63211774.0,
    "avg_volume_cm3": 205901.54397394136,
    "bulky_pkg_ratio_gt50000cm3": 0.7068403908794788,
    "avg_floor": 14.700325732899023,
    "high_floor_ratio_ge3": 1.0,
    "elevator_coverage_ratio": 0.37133550488599354,
    "stair_load_index": 83634.14
  },
  "Cluster 2": {
    "num_packages": 324,
    "packages_per_stop": 6.48,
    "total_weight_kg": 9186.050000000005,
    "avg_weight_kg": 28.352006172839506,
    "heavy_pkg_ratio_gt10kg": 0.904320987654321,
    "total_volume_cm3": 63565160.0,
    "avg_volume_cm3": 196188.76543209876,
    "bulky_pkg_ratio_gt50000cm3": 0.7654320987654321,
    "avg_floor": 15.438271604938272,
    "high_floor_ratio_ge3": 1.0,
    "elevator_coverage_ratio": 0.404320987654321,
    "stair_load_index": 84541.07999999999
  },
  "Cluster 3": {
    "num_packages": 341,
    "packages_per_stop": 6.82,
    "total_weight_kg": 9050.719999999992,
    "avg_weight_kg": 26.541700879765393,
    "heavy_pkg_ratio_gt10kg": 0.8797653958944281,
    "total_volume_cm3": 66364706.0,
    "avg_volume_cm3": 194617.90615835777,
    "bulky_pkg_ratio_gt50000cm3": 0.7653958944281525,
    "avg_floor": 12.997067448680351,
    "high_floor_ratio_ge3": 1.0,
    "elevator_coverage_ratio": 0.4134897360703812,
    "stair_load_index": 70235.39
  },
  "Cluster 4": {
    "num_packages": 326,
    "packages_per_stop": 6.52,
    "total_weight_kg": 8899.850000000002,
    "avg_weight_kg": 27.30015337423313,
    "heavy_pkg_ratio_gt10kg": 0.8865030674846626,
    "total_volume_cm3": 70469718.0,
    "avg_volume_cm3": 216164.77914110429,
    "bulky_pkg_ratio_gt50000cm3": 0.7638036809815951,
    "avg_floor": 14.297546012269938,
    "high_floor_ratio_ge3": 1.0,
    "elevator_coverage_ratio": 0.40797546012269936,
    "stair_load_index": 78576.84999999998
  },
  "Cluster 5": {
    "num_packages": 330,
    "packages_per_stop": 6.6,
    "total_weight_kg": 9089.11999999999,
    "avg_weight_kg": 27.54278787878788,
    "heavy_pkg_ratio_gt10kg": 0.8454545454545455,
    "total_volume_cm3": 64110413.0,
    "avg_volume_cm3": 194273.9787878788,
    "bulky_pkg_ratio_gt50000cm3": 0.7272727272727273,
    "avg_floor": 14.324242424242424,
    "high_floor_ratio_ge3": 1.0,
    "elevator_coverage_ratio": 0.4,
    "stair_load_index": 80725.78999999998
  },
  "Cluster 6": {
    "num_packages": 339,
    "packages_per_stop": 6.78,
    "total_weight_kg": 9174.219999999998,
    "avg_weight_kg": 27.062595870206486,
    "heavy_pkg_ratio_gt10kg": 0.8584070796460177,
    "total_volume_cm3": 79733074.0,
    "avg_volume_cm3": 235200.808259587,
    "bulky_pkg_ratio_gt50000cm3": 0.8171091445427728,
    "avg_floor": 14.333333333333334,
    "high_floor_ratio_ge3": 1.0,
    "elevator_coverage_ratio": 0.4041297935103245,
    "stair_load_index": 77981.31
  },
  "Cluster 7": {
    "num_packages": 292,
    "packages_per_stop": 5.84,
    "total_weight_kg": 8050.289999999994,
    "avg_weight_kg": 27.569486301369864,
    "heavy_pkg_ratio_gt10kg": 0.9041095890410958,
    "total_volume_cm3": 64969572.0,
    "avg_volume_cm3": 222498.53424657535,
    "bulky_pkg_ratio_gt50000cm3": 0.7773972602739726,
    "avg_floor": 15.33904109589041,
    "high_floor_ratio_ge3": 1.0,
    "elevator_coverage_ratio": 0.40753424657534243,
    "stair_load_index": 73253.39999999997
  }
}