{
    "Cluster 0": {
        "total_distance": 53366.697176170535,
        "total_duration": 8784,
        "stops": 50,
        "stop_density": 0.000936913892852379,
        "traffic_index": 2.28625278415169,
        "parking_stress": 0.0021420219960441495
    },
    "Cluster 1": {
        "total_distance": 29211.463282924436,
        "total_duration": 7670,
        "stops": 50,
        "stop_density": 0.001711656808004805,
        "traffic_index": 3.6470716638928464,
        "parking_stress": 0.006242535042783603
    },
    "Cluster 2": {
        "total_distance": 39763.531335188214,
        "total_duration": 7759,
        "stops": 50,
        "stop_density": 0.0012574335910591813,
        "traffic_index": 2.710335485335231,
        "parking_stress": 0.003408066882300208
    },
    "Cluster 3": {
        "total_distance": 25732.73575465168,
        "total_duration": 6973,
        "stops": 50,
        "stop_density": 0.0019430503028020078,
        "traffic_index": 3.763881575727588,
        "parking_stress": 0.007313411235428388
    },
    "Cluster 4": {
        "total_distance": 26526.311675861096,
        "total_duration": 6139,
        "stops": 50,
        "stop_density": 0.0018849209272278863,
        "traffic_index": 3.214570915171604,
        "parking_stress": 0.006059211990065054
    },
    "Cluster 5": {
        "total_distance": 33067.47032192862,
        "total_duration": 6898,
        "stops": 50,
        "stop_density": 0.0015120600249497347,
        "traffic_index": 2.8975067964742887,
        "parking_stress": 0.004381204198968939
    },
    "Cluster 6": {
        "total_distance": 46239.97024153518,
        "total_duration": 10554,
        "stops": 50,
        "stop_density": 0.0010813155747900409,
        "traffic_index": 3.170310431305611,
        "parking_stress": 0.003428106046290089
    },
    "Cluster 7": {
        "total_distance": 38249.35448118107,
        "total_duration": 6298,
        "stops": 50,
        "stop_density": 0.0013072116033905963,
        "traffic_index": 2.287077028791175,
        "parking_stress": 0.0029896936298839127
    }
}