{
 "Cluster 0": {
  "STOP_010": [
   78.18317208891136,
   11.66401946191925
  ],
  "STOP_011": [
   78.19997222159837,
   11.65232462592738
  ],
  "STOP_012": [
   78.18018445938371,
   11.64806568224068
  ],
  "STOP_016": [
   78.18170207040804,
   11.66482696862042
  ],
  "STOP_025": [
   78.18665962368314,
   11.66017186773358
  ],
  "STOP_035": [
   78.18344400327815,
   11.66431266054664
  ],
  "STOP_043": [
   78.1888650984894,
   11.64602945067068
  ],
  "STOP_044": [
   78.17515618767125,
   11.66127188070672
  ],
  "STOP_060": [
   78.18802926831327,
   11.66274735875672
  ],
  "STOP_066": [
   78.17599341760437,
   11.6523584512389
  ],
  "STOP_072": [
   78.17753669766812,
   11.65470031841559
  ],
  "STOP_075": [
   78.18177360487083,
   11.66224753417266
  ],
  "STOP_080": [
   78.18802058156037,
   11.65856483142161
  ],
  "STOP_085": [
   78.18667032678962,
   11.65889015837979
  ],
  "STOP_090": [
   78.18920571584077,
   11.65289218775568
  ],
  "STOP_093": [
   78.18152947422901,
   11.66443057980178
  ],
  "STOP_106": [
   78.19035395946688,
   11.6567803645319
  ],
  "STOP_108": [
   78.17806078231334,
   11.65325105824847
  ],
  "STOP_115": [
   78.18241744516256,
   11.64718954054927
  ],
  "STOP_117": [
   78.1744504572348,
   11.66204723100259
  ],
  "STOP_118": [
   78.19509841251092,
   11.66397278576544
  ],
  "STOP_119": [
   78.19585596347176,
   11.65524760833364
  ],
  "STOP_122": [
   78.1736796175981,
   11.66299349684585
  ],
  "STOP_124": [
   78.17826648771803,
   11.65210269874985
  ],
  "STOP_128": [
   78.1829027244881,
   11.65877098008935
  ],
  "STOP_130": [
   78.18276237436625,
   11.65634094972739
  ],
  "STOP_131": [
   78.19787262099584,
   11.66373979839476
  ],
  "STOP_134": [
   78.17975189844172,
   11.6622870237281
  ],
  "STOP_138": [
   78.19595407647934,
   11.66203400084559
  ],
  "STOP_143": [
   78.18154616572663,
   11.65499469482534
  ],
  "STOP_147": [
   78.17653110808735,
   11.65257427225984
  ],
  "STOP_148": [
   78.18520564270507,
   11.66097543772992
  ],
  "STOP_155": [
   78.18637539996601,
   11.65854251638446
  ],
  "STOP_156": [
   78.18770701115301,
   11.66322678842623
  ],
  "STOP_159": [
   78.18908977332408,
   11.65766288561414
  ],
  "STOP_163": [
   78.18150471525908,
   11.65269892447894
  ],
  "STOP_165": [
   78.18764260520867,
   11.6581023173323
  ],
  "STOP_167": [
   78.18568779140645,
   11.65626211988435
  ],
  "STOP_168": [
   78.18217325355153,
   11.66381260911083
  ],
  "STOP_169": [
   78.18092179000664,
   11.66122088381755
  ],
  "STOP_171": [
   78.19109842287072,
   11.65674997595498
  ],
  "STOP_174": [
   78.17952933100455,
   11.65652370515155
  ],
  "STOP_177": [
   78.18307359061141,
   11.65926850252762
  ],
  "STOP_179": [
   78.1831586328539,
   11.66093286795601
  ],
  "STOP_182": [
   78.19131101841893,
   11.66157207588992
  ],
  "STOP_185": [
   78.17485951867218,
   11.66141913617868
  ],
  "STOP_188": [
   78.18104333172856,
   11.64447516561377
  ],
  "STOP_193": [
   78.1871754677287,
   11.66501754060073
  ],
  "STOP_197": [
   78.17894077719593,
   11.65974395009953
  ],
  "STOP_198": [
   78.19230950986389,
   11.6604681186898
  ]
 },
 "Cluster 1": {
  "STOP_002": [
   78.18638175584711,
   11.68740894028765
  ],
  "STOP_005": [
   78.1632621133048,
   11.72520908658909
  ],
  "STOP_008": [
   78.15828021171912,
   11.70664651296812
  ],
  "STOP_014": [
   78.16055750730153,
   11.69562622897759
  ],
  "STOP_017": [
   78.16044525822637,
   11.69818309555953
  ],
  "STOP_018": [
   78.17303549172291,
   11.70589621177907
  ],
  "STOP_021": [
   78.17512832395745,
   11.68039770932664
  ],
  "STOP_028": [
   78.17076722859233,
   11.67818072353824
  ],
  "STOP_029": [
   78.16777329408208,
   11.69784668085145
  ],
  "STOP_039": [
   78.1613661853604,
   11.69849139638221
  ],
  "STOP_045": [
   78.16185777839337,
   11.69835650052624
  ],
  "STOP_050": [
   78.1650489999,
   11.70587047069671
  ],
  "STOP_053": [
   78.16004641762318,
   11.70279666194502
  ],
  "STOP_056": [
   78.17857736116869,
   11.68767878908736
  ],
  "STOP_058": [
   78.16800470002988,
   11.70221872069496
  ],
  "STOP_062": [
   78.17115757414206,
   11.67029630112193
  ],
  "STOP_064": [
   78.16712049242796,
   11.70684267380894
  ],
  "STOP_069": [
   78.1552188440062,
   11.70016438259525
  ],
  "STOP_070": [
   78.16264941591261,
   11.69871035032834
  ],
  "STOP_077": [
   78.16531778492617,
   11.70113306646538
  ],
  "STOP_078": [
   78.16005772993954,
   11.69607752145734
  ],
  "STOP_081": [
   78.1829995274735,
   11.69028256145346
  ],
  "STOP_082": [
   78.15951926629621,
   11.70450296797776
  ],
  "STOP_083": [
   78.16431269113723,
   11.69968537481385
  ],
  "STOP_095": [
   78.16587437021607,
   11.69863127571119
  ],
  "STOP_096": [
   78.15478133915887,
   11.7050442126742
  ],
  "STOP_101": [
   78.17031688243529,
   11.67748987783772
  ],
  "STOP_110": [
   78.16724761029134,
   11.70249780853362
  ],
  "STOP_111": [
   78.19224793593735,
   11.6916181730301
  ],
  "STOP_112": [
   78.17838966349719,
   11.68691555368117
  ],
  "STOP_114": [
   78.17409390762457,
   11.68520243673543
  ],
  "STOP_120": [
   78.14995153255083,
   11.70175941145178
  ],
  "STOP_123": [
   78.17205663138502,
   11.68510416326842
  ],
  "STOP_133": [
   78.15949785888881,
   11.70076688004796
  ],
  "STOP_137": [
   78.17079230201486,
   11.68928737358011
  ],
  "STOP_140": [
   78.17864511203769,
   11.70881014711377
  ],
  "STOP_141": [
   78.15940432163808,
   11.69635945500156
  ],
  "STOP_149": [
   78.153948350261,
   11.70095066557666
  ],
  "STOP_154": [
   78.15661746364152,
   11.69690875302708
  ],
  "STOP_157": [
   78.15873813890576,
   11.69664731567291
  ],
  "STOP_158": [
   78.17642282040464,
   11.6856184753304
  ],
  "STOP_161": [
   78.15015539550024,
   11.70535285879944
  ],
  "STOP_164": [
   78.17011819376076,
   11.68137463765541
  ],
  "STOP_172": [
   78.18306227345555,
   11.68973553969939
  ],
  "STOP_184": [
   78.16765470117699,
   11.67503761010994
  ],
  "STOP_187": [
   78.16213339142955,
   11.70077809447231
  ],
  "STOP_191": [
   78.16220280563192,
   11.69960097016176
  ],
  "STOP_195": [
   78.16515384208623,
   11.69695619468971
  ],
  "STOP_196": [
   78.16060122461028,
   11.69922675296457
  ],
  "STOP_200": [
   78.1575060676265,
   11.70435650060343
  ]
 },
 "Cluster 2": {
  "STOP_003": [
   78.16780088203372,
   11.65211502722832
  ],
  "STOP_023": [
   78.16886511979912,
   11.65573497005277
  ],
  "STOP_024": [
   78.17321722637449,
   11.65382200207237
  ],
  "STOP_026": [
   78.16850159451545,
   11.66324914915014
  ],
  "STOP_031": [
   78.14268588973897,
   11.65936086543698
  ],
  "STOP_032": [
   78.16663666615793,
   11.65738189123492
  ],
  "STOP_033": [
   78.1745514893331,
   11.65025527837602
  ],
  "STOP_034": [
   78.15804194039204,
   11.65113716930559
  ],
  "STOP_038": [
   78.14235842066215,
   11.66249063841893
  ],
  "STOP_040": [
   78.14866628507838,
   11.65740613599218
  ],
  "STOP_042": [
   78.15776357346532,
   11.65229112458039
  ],
  "STOP_046": [
   78.1469987390663,
   11.6567600119654
  ],
  "STOP_047": [
   78.14471128402678,
   11.66481563015548
  ],
  "STOP_048": [
   78.15038956548423,
   11.65556056000179
  ],
  "STOP_049": [
   78.15364507182105,
   11.66156181469861
  ],
  "STOP_057": [
   78.15319997066237,
   11.66459907538936
  ],
  "STOP_065": [
   78.15199219147075,
   11.66348809062894
  ],
  "STOP_068": [
   78.15409819096895,
   11.65883567328434
  ],
  "STOP_071": [
   78.17113357586805,
   11.65920410073676
  ],
  "STOP_074": [
   78.13955896651946,
   11.65127323492709
  ],
  "STOP_076": [
   78.15011291796203,
   11.66857015487505
  ],
  "STOP_084": [
   78.1495920274593,
   11.65979357197804
  ],
  "STOP_086": [
   78.148394533614,
   11.66270600732083
  ],
  "STOP_087": [
   78.15695433421521,
   11.66547364252987
  ],