{
  "Cluster 0": {
    "physical_load": {
      "total_weight": 1837.6600000000008,
      "heavy_pkg_ratio": 0.510989010989011,
      "bulky_ratio": 0.8351648351648352
    },
    "stair_load": {
      "stair_load_index": 1372.6200000000001,
      "avg_floor": 2.3736263736263736,
      "elevator_coverage": 0.7032967032967032
    },
    "traffic_stress": {
      "traffic_index": 3.1976154406129087,
      "parking_stress": 0.0069171463504806305,
      "stop_density": 0.0021632202117321444
    },
    "route_distance": {
      "total_distance": 23113.689364044796,
      "total_duration": 5321.0
    },
    "cognitive_density": 7.874121570705006
  },
  "Cluster 1": {
    "physical_load": {
      "total_weight": 1920.3900000000008,
      "heavy_pkg_ratio": 0.4791666666666667,
      "bulky_ratio": 0.7760416666666666
    },
    "stair_load": {
      "stair_load_index": 1507.5399999999997,
      "avg_floor": 2.6979166666666665,
      "elevator_coverage": 0.7447916666666667
    },
    "traffic_stress": {
      "traffic_index": 2.974884244768544,
      "parking_stress": 0.004797774396599416,
      "stop_density": 0.0016127600275662823
    },
    "route_distance": {
      "total_distance": 31002.752514552303,
      "total_duration": 6640.0
    },
    "cognitive_density": 6.192998505854524
  },
  "Cluster 2": {
    "physical_load": {
      "total_weight": 1620.7800000000002,
      "heavy_pkg_ratio": 0.5,
      "bulky_ratio": 0.7654320987654321
    },
    "stair_load": {
      "stair_load_index": 1510.7999999999997,
      "avg_floor": 2.5308641975308643,
      "elevator_coverage": 0.6851851851851851
    },
    "traffic_stress": {
      "traffic_index": 3.1025987439745415,
      "parking_stress": 0.006415711197465367,
      "stop_density": 0.002067850768625855
    },
    "route_distance": {
      "total_distance": 24179.69456917165,
      "total_duration": 5401.0
    },
    "cognitive_density": 6.69983649034777
  },
  "Cluster 3": {
    "physical_load": {
      "total_weight": 1763.4899999999996,
      "heavy_pkg_ratio": 0.5290697674418605,
      "bulky_ratio": 0.7674418604651163
    },
    "stair_load": {
      "stair_load_index": 1047.9099999999999,
      "avg_floor": 2.3255813953488373,
      "elevator_coverage": 0.6744186046511628
    },
    "traffic_stress": {
      "traffic_index": 3.535099397297237,
      "parking_stress": 0.008621184566556377,
      "stop_density": 0.002438738942714796
    },
    "route_distance": {
      "total_distance": 20502.39946730016,
      "total_duration": 5218.0
    },
    "cognitive_density": 8.3892619629389
  }
}