{
  "Cluster 0": {
    "num_packages": 182,
    "packages_per_stop": 3.64,
    "total_weight_kg": 1837.6600000000008,
    "avg_weight_kg": 10.097032967032968,
    "heavy_pkg_ratio_gt10kg": 0.510989010989011,
    "total_volume_cm3": 46178606.0,
    "avg_volume_cm3": 253728.6043956044,
    "bulky_pkg_ratio_gt50000cm3": 0.8351648351648352,
    "avg_floor": 2.3736263736263736,
    "high_floor_ratio_ge3": 0.44505494505494503,
    "elevator_coverage_ratio": 0.7032967032967032,
    "stair_load_index": 1372.6200000000001
  },
  "Cluster 1": {
    "num_packages": 192,
    "packages_per_stop": 3.84,
    "total_weight_kg": 1920.3900000000008,
    "avg_weight_kg": 10.00203125,
    "heavy_pkg_ratio_gt10kg": 0.4791666666666667,
    "total_volume_cm3": 43729627.0,
    "avg_volume_cm3": 227758.47395833334,
    "bulky_pkg_ratio_gt50000cm3": 0.7760416666666666,
    "avg_floor": 2.6979166666666665,
    "high_floor_ratio_ge3": 0.53125,
    "elevator_coverage_ratio": 0.7447916666666667,
    "stair_load_index": 1507.5399999999997
  },
  "Cluster 2": {
    "num_packages": 162,
    "packages_per_stop": 3.24,
    "total_weight_kg": 1620.7800000000002,
    "avg_weight_kg": 10.004814814814814,
    "heavy_pkg_ratio_gt10kg": 0.5,
    "total_volume_cm3": 37965420.0,
    "avg_volume_cm3": 234354.44444444444,
    "bulky_pkg_ratio_gt50000cm3": 0.7654320987654321,
    "avg_floor": 2.5308641975308643,
    "high_floor_ratio_ge3": 0.5185185185185185,
    "elevator_coverage_ratio": 0.6851851851851851,
    "stair_load_index": 1510.7999999999997
  },
  "Cluster 3": {
    "num_packages": 172,
    "packages_per_stop": 3.44,
    "total_weight_kg": 1763.4899999999996,
    "avg_weight_kg": 10.252848837209303,
    "heavy_pkg_ratio_gt10kg": 0.5290697674418605,
    "total_volume_cm3": 32018401.0,
    "avg_volume_cm3": 186153.4941860465,
    "bulky_pkg_ratio_gt50000cm3": 0.7674418604651163,
    "avg_floor": 2.3255813953488373,
    "high_floor_ratio_ge3": 0.45930232558139533,
    "elevator_coverage_ratio": 0.6744186046511628,
    "stair_load_index": 1047.9099999999999
  }
}