{
    "Cluster 0": {
        "total_distance": 28138.085714316505,
        "total_duration": 7376,
        "stops": 50,
        "stop_density": 0.0017769510160586465,
        "traffic_index": 3.641066454917815,
        "parking_stress": 0.006469996736603265
    },
    "Cluster 1": {
        "total_distance": 20155.163488306833,
        "total_duration": 4453,
        "stops": 50,
        "stop_density": 0.0024807538787272984,
        "traffic_index": 3.0688002127040046,
        "parking_stress": 0.007612938030704618
    },
    "Cluster 2": {
        "total_distance": 27886.563363081492,
        "total_duration": 6076,
        "stops": 50,
        "stop_density": 0.0017929781934404323,
        "traffic_index": 3.026390842828982,
        "parking_stress": 0.0054262527860201755
    },
    "Cluster 3": {
        "total_distance": 35041.840977291584,
        "total_duration": 5441,
        "stops": 50,
        "stop_density": 0.001426865672736825,
        "traffic_index": 2.156721447625304,
        "parking_stress": 0.0030773517992718187
    },
    "Cluster 4": {
        "total_distance": 30901.73032262134,
        "total_duration": 6799,
        "stops": 50,
        "stop_density": 0.0016180323715852874,
        "traffic_index": 3.0560783818266453,
        "parking_stress": 0.004944833751897495
    },
    "Cluster 5": {
        "total_distance": 27987.82936496454,
        "total_duration": 5838,
        "stops": 50,
        "stop_density": 0.0017864908117022655,
        "traffic_index": 2.8973243670518123,
        "parking_stress": 0.0051760433602591445
    }
}