{
    "Cluster 0": {
        "total_distance": 23113.689364044796,
        "total_duration": 5321,
        "stops": 50,
        "stop_density": 0.0021632202117321444,
        "traffic_index": 3.1976154406129087,
        "parking_stress": 0.0069171463504806305
    },
    "Cluster 1": {
        "total_distance": 31002.752514552303,
        "total_duration": 6640,
        "stops": 50,
        "stop_density": 0.0016127600275662823,
        "traffic_index": 2.974884244768544,
        "parking_stress": 0.004797774396599416
    },
    "Cluster 2": {
        "total_distance": 24179.69456917165,
        "total_duration": 5401,
        "stops": 50,
        "stop_density": 0.002067850768625855,
        "traffic_index": 3.1025987439745415,
        "parking_stress": 0.006415711197465367
    },
    "Cluster 3": {
        "total_distance": 20502.39946730016,
        "total_duration": 5218,
        "stops": 50,
        "stop_density": 0.002438738942714796,
        "traffic_index": 3.535099397297237,
        "parking_stress": 0.008621184566556377
    }
}