{
  "Cluster 0": {
    "physical_load": {
      "total_weight": 4582.719999999999,
      "heavy_pkg_ratio": 0.7603686635944701,
      "bulky_ratio": 0.6405529953917051
    },
    "stair_load": {
      "stair_load_index": 5478.72,
      "avg_floor": 7.682027649769585,
      "elevator_coverage": 0.7004608294930876
    },
    "traffic_stress": {
      "traffic_index": 3.403443591942384,
      "parking_stress": 0.005974639068668352,
      "stop_density": 0.0017554688089478682
    },
    "route_distance": {
      "total_distance": 28482.42004935836,
      "total_duration": 6979.0
    },
    "cognitive_density": 7.618734630833748
  },
  "Cluster 1": {
    "physical_load": {
      "total_weight": 5068.67,
      "heavy_pkg_ratio": 0.7804878048780488,
      "bulky_ratio": 0.6626016260162602
    },
    "stair_load": {
      "stair_load_index": 7930.920000000002,
      "avg_floor": 7.41869918699187,
      "elevator_coverage": 0.6422764227642277
    },
    "traffic_stress": {
      "traffic_index": 3.0840586417294213,
      "parking_stress": 0.005352253348613356,
      "stop_density": 0.0017354577102373183
    },
    "route_distance": {
      "total_distance": 28810.843217356567,
      "total_duration": 6397.0
    },
    "cognitive_density": 8.538451934367606
  },
  "Cluster 2": {
    "physical_load": {
      "total_weight": 6023.079999999995,
      "heavy_pkg_ratio": 0.8145454545454546,
      "bulky_ratio": 0.6763636363636364
    },
    "stair_load": {
      "stair_load_index": 9626.65,
      "avg_floor": 7.461818181818182,
      "elevator_coverage": 0.6581818181818182
    },
    "traffic_stress": {
      "traffic_index": 3.062110049397562,
      "parking_stress": 0.005673687076060565,
      "stop_density": 0.0018528684418696198
    },
    "route_distance": {
      "total_distance": 26985.186249676724,
      "total_duration": 5949.0
    },
    "cognitive_density": 10.19077643028291
  },
  "Cluster 3": {
    "physical_load": {
      "total_weight": 5465.379999999998,
      "heavy_pkg_ratio": 0.7984790874524715,
      "bulky_ratio": 0.6730038022813688
    },
    "stair_load": {
      "stair_load_index": 8638.1,
      "avg_floor": 8.741444866920151,
      "elevator_coverage": 0.6501901140684411
    },
    "traffic_stress": {
      "traffic_index": 4.03569444215371,
      "parking_stress": 0.004723104522503361,
      "stop_density": 0.0011703325388487053
    },
    "route_distance": {
      "total_distance": 42722.89997951065,
      "total_duration": 12413.0
    },
    "cognitive_density": 6.1559491543441895
  },
  "Cluster 4": {
    "physical_load": {
      "total_weight": 5534.670000000004,
      "heavy_pkg_ratio": 0.7518796992481203,
      "bulky_ratio": 0.6428571428571429
    },
    "stair_load": {
      "stair_load_index": 7363.83,
      "avg_floor": 9.218045112781954,
      "elevator_coverage": 0.6842105263157895
    },
    "traffic_stress": {
      "traffic_index": 2.6482332030915146,
      "parking_stress": 0.0034101419870528737,
      "stop_density": 0.0012877045658486255
    },
    "route_distance": {
      "total_distance": 38828.78210270918,
      "total_duration": 7403.0
    },
    "cognitive_density": 6.850588290314689
  },
  "Cluster 5": {
    "physical_load": {
      "total_weight": 5955.5199999999995,
      "heavy_pkg_ratio": 0.7449664429530202,
      "bulky_ratio": 0.6409395973154363
    },
    "stair_load": {
      "stair_load_index": 8075.82,
      "avg_floor": 8.036912751677852,
      "elevator_coverage": 0.697986577181208
    },
    "traffic_stress": {
      "traffic_index": 3.364191582565797,
      "parking_stress": 0.007851371507767067,
      "stop_density": 0.0023338062993960036
    },
    "route_distance": {
      "total_distance": 21424.228742951014,
      "total_duration": 5189.0
    },
    "cognitive_density": 13.90948554440018
  }
}